subject_id,time,Alistipes_putredinis,Bacteroides_caccae,Bacteroides_dorei,Bacteroides_fragilis,Bacteroides_ovatus,Bacteroides_stercoris,Bacteroides_uniformis,Bacteroides_vulgatus,Eubacterium_rectale,Faecalibacterium_prausnitzii,Parabacteroides_distasonis,Prevotella_copri,others
C3001,0,0,0.0276994951865296,0,0.00844781516017516,0,0,0.313193698227499,0.423748708845934,0,0.0529570805477996,0,0,0.173953202032063
C3001,2,0.000819423429521875,0.014586998775321,0,0.00554169766750215,9.79342678812652e-05,0.0101393009816458,0.288082461054105,0.519689394159393,0,0.00575298734565089,0.000646286058185773,0,0.154643516260794
C3001,6,0.000724591793115088,0.0270801051583473,0.00843709761921126,0.091881500680324,0.000776312621092514,0,0.428439132438633,0.257679567561857,0,0.0277706832541465,9.66389164916712e-05,0,0.157114369956782
C3001,8,0,0.0230390023039002,0,0.167387416738742,0,0,0.287467228746723,0.122982212298221,0,0.0274544027454403,0,0,0.371669737166974
C3001,16,0,0.104042838266736,0.400054649276088,0.00221456425357425,0,0,0.160188727267895,0.124663778081251,0,0.00253664058777975,0,0,0.206298802266676
C3001,24,0,0.352478494766771,0,0.0503907782265133,0,0,0.0932010464951003,0.0389251376299769,0,0,0,0,0.465004542881639
C3001,4,0,0.0422562159706661,0,0.169073198761143,0,0,0.31650791533775,0.256435583495745,0,0.00959096358388082,0,0,0.206136122850815
C3001,26,0,0.0181088991140795,0,0.0323742306386673,0,0,0.482488241036319,0.258571439862629,0,0.0127930161265359,0,0,0.195664173221768
C3001,34,0,0.2646671,0,0.2183364,0,0,0.0457513,0.0449824,0,0,0,0,0.4262628
C3001,36,0,0.0275555610690799,0,0.0414681506095218,0,0,0.347983112208214,0.392592037534829,0,0.000932708246399449,0,0,0.189468430331956
C3001,38,0,0.021781859700817,0,0.0237362955023654,0,0,0.362835111019781,0.332980168272058,0,0.0120811478221493,0,0,0.24658541768283
C3002,0,0,0,0.00288640028864003,0.110838711083871,0,0,0,0.681358168135817,0.000691900069190007,0,0,0,0.204224820422482
C3002,2,0.000398500119550036,0,0.00254500076350023,0.169849350954805,0,0.00170460051138015,0.000850600255180077,0.691370207411062,0.00347250104175031,0.00381210114363034,0.000205100061530018,3.90000117000035e-06,0.125788137736441
C3002,4,0,0,0,0.297004606381541,0,0,0.00523749413084301,0.453402070045293,0.00260669109409891,1.33065907544007e-05,0,0,0.241735831757469
C3002,6,0.000340319349996044,0,0,0.0733637286596409,0,4.60161378595473e-06,9.12319950606678e-05,0.716251589432414,0.0109193294088237,0.000246986618207005,0,0,0.198782212922072
C3002,8,0,0,0,0.120789687921031,0,0,0.00197979980202002,0.627811637218836,0.0301768969823103,0.00349089965091004,0,0,0.215751078424892
C3002,10,0,0,0,0.221738677826132,0,0,0,0.590252040974796,0.00190499980950002,0,0,0,0.186104281389572
C3002,16,0,0,0,0.120731237550876,0,0,0,0.597445741998076,0.0140598522244603,0,0,0,0.267763168226588
C3002,24,0,0,0,0.0743270074327007,0,0,0,0.587259458725946,0.00104950010495001,0,0,0,0.337364033736403
C3002,26,0,0,0,0.0807341678521081,0,0,0,0.468962914160695,0.0337102330082942,0,0,0,0.416592684978902
C3002,34,0,0,0,0.114177522835505,0,0,0,0.556543711308742,0.0108819021763804,0,0,0,0.318396863679373
C3002,36,0,0,0,0.0594638668249722,0,0,0,0.634778150961994,0.0036702818776482,0,0,0,0.302087700335386
C3002,38,0,0,0,0.0423438203519249,0,0,0,0.527159955986886,0.0148586265724077,0,0,0,0.415637597088782
C3004,0,0,0.0292606970739303,0,0,0.0339066966093303,0.292328070767193,0.278588972141103,0.264724773527523,0.00312179968782003,0.00651939934806007,0.0218525978147402,0,0.0696969930303007
C3004,4,0.00273920621953159,0.023497538372691,0,0.00281848584337534,0.016536266218371,0.125801027387752,0.189127205509523,0.175322929160599,0.0107541657132565,0.0105136207104437,0.00698602824419287,0,0.435903526620263
C3004,6,0,0.0330416486874191,9.10004095018427e-06,0,0.0298952345285554,0.289835404259319,0.268354707596184,0.221545596955186,0.018073581331116,0.000328201476906646,0.0133382600221701,0,0.125578265102193
C3004,8,0.000156600015660002,0.0265564026556403,0,9.7700009770001e-05,0.0269509026950903,0.302997430299743,0.363435836343584,0.099782909978291,0.0177570017757002,0.00215620021562002,0.00543210054321005,0,0.154676915467692
C3004,10,0.000797376760519345,0.0359772992739069,0,0,0.0289211652505809,0.125495996858516,0.296849261275953,0.178867214758974,0.00677620175532939,0.00401539727521254,0.00522877059410571,0,0.317071316196903
C3004,16,0,0.0501296364685851,0,0,0.0393796099789814,0.225678916786825,0.174168519104582,0.286760491058721,0.0389883943017786,0.0124946883216717,0.0107562299095491,0,0.161643514069306
C3004,24,0,0.0570878481015444,0,0,0.0379392062503119,0.140648622297003,0.25900142200758,0.296692674625522,0.0258281866367695,0.00977171362165636,0.031518717498595,0,0.141511608961018
C3004,26,0,0.0556036379932618,0,0,0.0402695083987548,0.177612156787426,0.293614505557823,0.252954769164286,0.0458665442265063,0.00897494378156035,0.00866234124792932,0,0.116441592842452
C3004,34,0,0.0539938361880376,0,0,0.0187153525702243,0.216391161434223,0.250318040731025,0.279612906285465,0.0169265204097855,0.0154941740140787,0.0095744892663567,0,0.138973519100803
C3004,38,0,0.0608969060896906,0,0,0.0742965074296507,0.0547814054781405,0.240963624096362,0.207037220703722,0.0782634078263408,0.0156434015643402,0.0189235018923502,0,0.249194024919403
C3008,0,0,0,0.761233164704559,0,0,0,0.000122407627282055,7.91685999830956e-05,0,8.00951505680733e-05,0,0,0.238485163917608
C3008,4,0,0,0.895668233206917,0,0,0,4.61213496141008e-05,0.000253357189584186,0,5.74965703709418e-05,0,0,0.103974791683514
C3008,8,0,0,0.806223689363005,0,0,0,0,0,0,0,0,0,0.193776310636995
C3008,10,0,0,0.78634054288703,0,0,0,0,0,0,0,0,0,0.21365945711297
C3008,16,0,0,0.564318021547172,0,0,0,0,0,0,0,0,0,0.435681978452828
C3008,24,0,0,0.662090496869991,0,0,0,0,0,0,0,0,0,0.337909503130009
C3008,34,0,0,0.821408311094879,0,0,0,0,0,0,0,0,0,0.178591688905121
C3008,36,0,0,0.932837877374804,0,0,0,0,0,0,0,0,0,0.0671621226251961
C3008,38,0.0466423700966198,0,0.0191962044901382,0,0.0090007818579204,0,0.0389751407309383,0.152893211413405,0.160781885818985,0.0177838384876362,0.0223857105293687,0,0.532340856574988
C3009,4,0.00339090002847321,0.00316180995021367,0.00101154275658547,0.000198823284112257,0.00183170154209826,0.00980929473885667,0.00951345466003664,0.0569853416998769,0.00336083705112153,0.00666857982698807,0.00336746109697868,0.0375471300862736,0.863153123278385
C3009,6,0,1.30432005179486e-05,0,0,4.03620299492424e-05,0.000116361780998707,0.0001000321047597,0.0010009372617947,2.67026152335955e-06,0.000232004645433432,0,0,0.998494588715023
C3009,8,0,0,0,0,0,0,0,0,0,0,0,0,1
C3009,10,0,0,0,0,0,0,0,0,0,0,0,0,1
C3009,16,0.00721931583119645,0.00228638801195101,0.00371348396361005,0,0,0.00229203614896286,0.00343019113074152,0.0334023070535485,0.00158967369937248,0.00452437924205545,0.0013380547328841,0,0.940204170185677
C3009,26,0,0,0,0,0,0,0,0,0,0,0,0,1
C3009,34,0,0,0,0,0,0,0,0,0,0.000144108939943573,0,0,0.999855891060056
C3009,36,0,0,0,0,0,0,0,0,0,0,0,0,1
C3009,38,0,0,0,0,0,0,0,0.000191017697110775,0.000360850220706201,0.000275173165384456,0,0.0138342694409958,0.985338689475803
C3011,0,0.00413635208661253,0.00525384325536459,0,0.018526800715824,0.00814595964478433,0.126375294181518,0.038665961364312,0.0498769992788882,0.00219421419300568,0.040795289624366,0.00156785807196143,0.000693361190219924,0.703768066393143
C3011,6,0.0117160392187118,0.00786148920796501,0.00245262992714125,0.0131204772994501,0.0123622580028496,0.117257586876441,0.039050610332289,0.18155756453677,0.00353053413971016,0.112227837243917,0.00835179360964558,0.0869109875927202,0.403600192012389
C3011,8,0,0,0,0.032196177859162,0.0142107455159934,0.134327251351197,0.102474300020638,0.0525902333085095,0.000740689087378672,0.0737843456704705,0,0,0.589676257186651
C3011,10,0,0,0,0.030835278677406,0.00713902715558186,0.196599360130744,0.0186042333953202,0.048407338062644,0.000782270760644402,0.046251153874574,0,0,0.651381337943086
C3011,16,0,0,0,0.0263593044218745,0.00891285253375565,0.122995854398199,0.0418228845356344,0.101672581042457,0.000529403601716891,0.07016203959661,0,0,0.627545079869753
C3011,24,0,0,0,0.023906825549978,0.0579948862556456,0.174194819561658,0.103451726944068,0.0511534000098162,0.0058770289706807,0.0401056681608517,0,0,0.543315644547302
C3011,34,0.00264104915707201,0.0153023071089201,0.0111305562558189,0.0060634626568248,0.00451980886952146,0.0508636866573561,0.0275545144690755,0.0574570075935756,0.00575579161592293,0.0489378284311827,0.00840967511798472,0.301726501992208,0.459637810074537
C3012,0,0.0391119620208561,0.00994016106539785,0,0.0266423139429843,0.0565229136991011,0.00977689602077492,0.121819641777913,0.308655716839257,0.157664060547947,0.0874661777613576,0.0230569964784296,0,0.159343159845982
C3012,4,0.0534937766109396,0.0192184783643709,0,0,0.0177036442533974,0.034966006012542,0.199695074340593,0.153823242147647,0.132400418973515,0.123465291853142,0.0122563356141091,0,0.252977731829744
C3012,6,0.0639656632555408,0.030367987330853,0,0,0.0130601286316954,0.0326848261269694,0.278997165697865,0.136939845149043,0.0755791179316149,0.140449031067203,0.0103223133778536,0,0.217633921431362
C3012,8,0.0297762974412305,0.0160254906100617,0,0,0.0239441164513227,0.0249137186220328,0.158458884050128,0.128272810546624,0.172547251456719,0.0635058204745889,0.00530367600761155,0,0.377251934339681
C3012,10,0.0468060161900174,0.0182364082963254,0,0,0.0214916633023058,0.0766143587150783,0.21814662911998,0.126409415682827,0.0892667663607509,0.109651544440797,0.00863592667915149,0,0.284741271212767
C3012,16,0.0538973455701669,0.0240211718872711,0,0,0.0420272937070827,0.0421626700858507,0.134099289268694,0.13166921414597,0.302136787993891,0.0948367364062389,0.00767859499524268,0.00146149063111447,0.166009405308477
C3012,24,0.0281267535438623,0.0304172707901189,0.0021579229708524,0,0.0731073813042072,0.0329979730254485,0.45025209885217,0.106939906196494,0.0882016297060553,0.0356033631010396,0.00194190436856477,0,0.150253796141188
C3012,26,0.0814131221687248,0.0248232095161411,0,0,0.0607780749234072,0.0571200014738647,0.228397519720267,0.214178808254814,0.0373383930436938,0.0939687113607749,0.0127264235041216,0,0.18925573603419
C3012,34,0.0593233348874143,0.0135981554457086,0,0,0.05920733047042,0.107884002728205,0.16005299636572,0.233970296354509,0.0312878833491526,0.104491293836982,0.00925387409044499,0,0.220930832471444
C3012,36,0.0685891306715387,0.0119596693344243,0,0,0.0615132302256793,0.168494840545334,0.232332506655591,0.208188933892145,0.0175812574252957,0.0631140297661961,0.0085789728463485,0,0.159647428637448
C3012,38,0.0492293787679247,0.0293298929468877,0,0,0.0837422950403485,0.0465521114574974,0.25353868618381,0.208462427856691,0.0308770438342368,0.0896787989073384,0.00517686436849186,0,0.203412500636774
C3013,0,0,0.00192244424044286,0.0159663845468144,0,0.0029441258088399,0.00634938476278549,0.00987348496881508,0.0135627578940873,0.122336992445789,0.0639455274915448,0.00713639641120195,0.525313134752787,0.230649366676892
C3013,6,0,0.148998508735881,0.0888503078308808,0,0.0650785218621058,0.038614309440887,0.148895622434522,0.0537270856292384,0.133542308409205,0.0335565551082403,0.0549062847909265,0.194199068315212,0.0396314274429008
C3013,8,0,0.145663624438264,0.0381486452454025,0,0.0148460365538271,0.0192928355383536,0.322647569344472,0.0742027667363414,0.00762981058375053,0.00849030710746891,0.0429030337725776,0.0149971814483758,0.311178189231166
C3013,10,0,0.0533043424161063,0.05730631059041,0,0.0287578783460691,0.0625062485613477,0.363559432291698,0.20003505900757,0.00705688917236909,0.0117179419268897,0.0699284818944163,0.0956079152467579,0.0502195005463654
C3013,24,0,0.000287501723809809,0.00277208452216618,0,0.000308067388149145,0.000428433941363637,0.00157280354790072,0.0202207457861528,0.0480964076586534,0.0189301198560654,0.00307649811208245,0.858621288302114,0.045686049161542
C3013,26,0,0.0335996327884454,0.0253548804514278,0,0.0205733864772549,0.036759537596257,0.133670617295866,0.0325102310279174,0.0420472941996399,0.0115769278466331,0.0348347071033327,0.521462628761127,0.107610156452099
C3013,34,0,0,0,0.0672619,0,0,0,0.1652932,0.05294,0,0,0.7145049,0
C3013,36,0,0.000136147386896996,0.00249060231476125,0.00370069477779958,0.000772460643497748,0.00146203970091892,0.00693989465729103,0.00570775015271305,0.0322531881179765,0.0260592277353746,0.00636505013483705,0.900669508503672,0.0134434358742612
C3013,38,0,0,0.0246280266910839,0.135544252681678,0.0130085909348768,0.0205501734551914,0.0432417189240557,0.0241635125038225,0.166701692608532,0.0496919398946063,0.0503989666835288,0.431535763972828,0.0405353616497965
C3015,0,0.000148406277585542,0.0378361004670498,0.167711894213125,0,0.216845072546569,0.001242952576894,0.276816909355266,0.00724820659913914,0,0.000854536146879013,0.146621302081078,0.00273831583075964,0.141936303905655
C3015,4,0,0.0804287687272525,0.349538278475063,0,0.19018054273524,0,0.0840953955566873,0,0,0,0.150979305258695,0,0.144777709247062
C3015,6,0.000256405969243098,0.0658425699387079,0.222657597310871,0,0.193440232229119,0.00165217153629426,0.321086852941615,0.000928307749637643,0,0.000603219822213848,0.0958311553176406,0,0.0977014871846574
C3015,8,0,0.0417878454458088,0.16553116273002,0,0.298949173643263,0,0.308103736438231,0.000170675745896029,0,0,0.0999470565036763,0,0.085510349493105
C3015,10,0,0.0992041945261063,0.12639377818948,0,0.120011452149485,0,0.419699410300969,9.47291492072782e-06,0,0,0.0524843827912206,0,0.182197309127819
C3015,16,0,0.0413448143280668,0.195437638933253,0,0.225415039240902,0,0.291670065913183,0,0,0,0.091939516468486,0,0.154192925116109
C3015,24,0,0.0476902840371028,0.263029428782507,0,0.0487082488282744,0,0.388627404264861,9.81026153356411e-06,0,0,0.123374449674359,0,0.128560374151362
C3015,26,0,0.0166005506401946,0.118662030280102,0,0.109262598351325,0,0.509428133019588,0,0.00247801110757259,0,0.136752933897631,0,0.106815742703587
C3015,34,0,0.0465579432014485,0.194035562213443,0,0.0605658463383971,0,0.504364732063588,1.48220121702741e-05,0.00147298753378643,0.0120476920274299,0.100263200879626,0,0.0806772137301106
C3015,36,0,0.0468808317234332,0.261177245516302,0,0.0502054369785359,0,0.390459211539219,0,0.00404551586088499,0.0252520106091589,0.153048970921402,0,0.0689307768510645
C3015,38,0,0.0485397935069218,0.204672837159734,0,0.0547694814041882,0,0.402454253704696,0.000199131138828678,0.00367836402595259,0.0349438569446709,0.138295623855209,0,0.112446658259798
C3016,0,0.110211736444166,0.0407335175041858,0,0.00409796656607612,0.025002248853585,0,0.278667529986299,0.202361501387685,0.00154693109782778,0.0260756949607969,0.0168998720329766,0,0.294403001166402
C3016,2,0.112408149930472,0.0576166994831294,4.33320404261736e-05,0.00297237642886144,0.0394522104530385,0.000420220019946847,0.0488644334945386,0.324089097527625,0.0062866728883415,0.139424266325573,0.0286742219606176,0,0.23974831944743
C3016,4,0.148909821334286,0.0504127233068795,0,0.00413162884864421,0.0314929836785199,0,0.0293697714851319,0.36260777871139,0.00275468870552368,0.107288657725886,0.024022280035429,0,0.23900966616831
C3016,6,0.142340450141457,0.0426995216089603,0,0.00256759630374753,0.0208769437283875,0,0.01975184019916,0.337861311006444,0.00456442281964359,0.0614522339394559,0.00920918830125088,0,0.358676491951493
C3016,8,0.156490758478052,0.0719199733353342,0,0.00902566269912365,0.0329454604478378,0,0.0468148638157321,0.379741489536007,0.000593115269043109,0.0439083948269323,0.017190542618803,0,0.241369738973135
C3016,10,0.155462358794307,0.0536049040941365,0,0.00531946170419721,0.0292325982475055,0,0.0131155229282553,0.38568409900852,0.00721149831993828,0.042040355283893,0.0115030158729677,0,0.29682618574628
C3016,16,0.106241116366316,0.0893878376307089,0,0.00335561891741442,0.0308004395165078,0,0.0455158820499048,0.251866095628022,0.0258138258035406,0.0643902109436643,0.0139066615862231,0,0.368722311557698
C3016,24,0.097434109743411,0.0418560041856004,0,0.00163750016375002,0.0212372021237202,0,0.306539330653933,0.198114119811412,0.00643310064331006,0.0653510065351007,0.000331300033130003,0,0.261066326106633
C3016,26,0.0254175057890121,0.0428818812095293,0.0263654296315968,0.00024710492035914,0.226843234642412,0.139723148419544,0.0896900232822394,0.154678043741242,0.00999283579281503,0.0431972439885763,0.0366384094427578,0,0.204325139139917
C3016,34,0.0801834,0.0615091,0,0.0037908,0.0904578,0,0.1855773,0.1548077,0,0.0450393,0.0537063,0,0.3249283
C3016,36,0,0.0378310621738588,0,0.00707056338918421,0.0458572817176355,0,0.157527884,0.138699250216409,0,0.16079725089759,0.0431168367447476,0,0.409099870967575
C3016,38,0,0.0764776482567371,0,0.00591732285880441,0.0533720934092614,0,0.130062601519614,0.289688278011064,0,0.0793922992012826,0.0338402905275454,0,0.331249466215691
C3017,0,0.0250413121650377,0.0153927160280191,0.00197005307153232,0,0.00327464775693284,0.11812211626776,0.0164439981588551,0.623000359601742,0.0106870675183546,0.0290845048079844,0.0164264834622732,0.00321990181961684,0.137336839341892
C3017,2,0.0656053877662094,0.0328705760020728,0.000253192789125475,0,0.0187189326586335,0.24898840613486,0.0463089310725465,0.263343044567642,0.00784607080761286,0.022627139201027,0.0123752860191791,0,0.281063032981091
C3017,4,0.0998917306753594,0.0175433264109092,0,0,0.00634701399019012,0.0722593229057378,0.102557870368033,0.34984391727747,0.00381356026336044,0.0221432075388248,0.0373675589074189,0,0.288232491662696
C3017,16,0.0645739488762411,0.0204237810342414,0,0.00433997728360933,0.00442737185615845,0,0,0.177731945557107,0.0301553629638123,0.0498641820162424,0.0155513786597123,0,0.632932051752876
C3017,24,0.0242715754622416,0.0626228588599819,0,0,0.00311577776527654,0.0985463440786809,0.0244299318867177,0.460735714739019,0.0272948618645498,0.0287230726511648,0.0133718086726068,0,0.256888054019761
C3017,26,0.0282084538880562,0.0778015623051298,0.000415589740058227,0,0.00428882205732536,0.149256072344645,0.0487192889491766,0.416490584870492,0.00932494493335851,0.015943251581333,0.0212327120373486,0.00176625639524746,0.22655246089783
C3017,34,0.0962681096750757,0.0691581190105354,1.07165989400983e-05,0,0.00619469496302823,0.105553892423975,0.0377718047483748,0.460804640307372,0.0290319676146383,0.0209691791616034,0.0205938978884394,0,0.153642977608017
C3017,38,0.0520340844968965,0.0438410190532218,0,0,0.0130266048767604,0.142298072266977,0.0519424401410283,0.333854085377323,0.00854473565205559,0.0443273544395487,0.0157790370539341,0,0.294352566642255
C3022,0,0.00222513490427113,0.0295958326860241,0,0.0160118411083342,0.00390094937011156,0,0,0.143246943317833,0.00456107909339503,0.0257663764207495,0.0058212079117025,0,0.768870635187579
C3022,2,0.0712889218042426,0.0334180991810238,1.40310507152328e-05,0.0188226545344848,0.00383739069633563,0,0,0.205044081392702,0.00944005025149642,0.0460039516725877,0.0508347000898496,0,0.561296119326562
C3022,6,0.045582013140016,0.0607169502134871,0.00138535056158047,0.00876615148168693,0.00668288388236073,0.00263512791413697,0.00967343345258755,0.208232102962356,0.0465241044483687,0.0756245069949465,0.0280914406689093,0.0276283339864325,0.478457600293131
C3022,8,0.0271508427819394,0.0329454364033856,0,0,0.0128229922337898,0.123194639694483,0.0509279859140681,0.359236172136341,0.0171861671181376,0.0970191066472261,0.0388773650482466,0,0.240639292022382
C3022,10,0.0872609049469533,0.0436263192797262,0,0.00713430062993955,0.00570411353811795,0,0,0.166506985913872,0.0393843357876,0.0553083576851584,0.0264171292611952,0,0.568657552957438
C3022,16,0.0934342671101081,0.0316315221815826,0,0.0143052584201328,0.00470598987103608,0,0,0.205502848418911,0.029384568775206,0.0650526360438539,0.0290776118464064,0,0.526905297332763
C3022,26,0.114316376944509,0.0333901186917498,0.00220900270829573,0.0144860566375792,0.00376949838165315,0,0.0961220037678587,0.0984302091957847,0.000237553619941058,0.0678328315294938,0.0119561823227108,0,0.557250166200424
C3022,34,0.0503702154764475,0.0185365274071496,0,0.00504052034143302,0.00564311318361916,0,0.144097052640738,0.17055162742135,0.0382000563090332,0.0808267536857381,0.0124363137447395,0,0.474297819789752
C3023,2,0.00953631880766615,0.0082058027826101,0.0031825454197298,0.00181729652620582,0.00102208294963487,0.0346944932012686,0.065787695276447,0.159378466376047,0.00625516846546935,0.00824821070440989,0.0296639510420056,0.0120902903680812,0.660117678080425
C3023,4,0.000837238759874032,0.00235522305347742,0,0,0.0109387230827815,0,0.0509301067498597,0.154634945796577,0.0230526796089633,0,0.0592356011656597,0,0.698015481782808
C3023,8,0.00613846909177887,0.00166639235380484,0.0101552486463476,0,0.0219809693703657,0.00877641854330079,0.0855455150313346,0.12014390468273,0.0085803586706721,0.00074227661646819,0.0154874477387373,0,0.72078299925446
C3023,10,0.00144826586336324,0.000253749375775247,0,0,0.0211352997084266,0,0.0301130531436764,0.0750926752259291,0.00447457190263705,0,0.0200152713565411,0,0.847467113423651
C3023,16,0.00136225936576124,0.00142065193620499,0,0,0.030592513342562,0,0.104695913671076,0.0881612712960933,0.0490604270462034,0.00287288639248173,0.045470687631471,0,0.676363389318146
C3023,24,0.00150860943410424,0,0,0,0.0253263413022244,0,0.0655027310677695,0.183602493894979,0.00384883224541792,0,0.0777137429957203,0,0.642497249059785
C3023,34,0.00487079188758911,0.00396259178417131,0.0046214717199068,0,0.043773523111839,0.00312098247959185,0.125294541293938,0.299363767963922,0.00804220064492925,0.00261865241658712,0.0598066196173682,0,0.444524857080157
C3023,36,5.10491299640506e-05,0.00559570817503581,0,0,0.00288688859371505,0,0.073002064676032,0.166557433587393,0.00147057670845259,0,0.0992366949185415,0,0.651199584210866
C3023,38,0.00222830616486658,0.00177005048778813,0,0,0.00220326901694673,0,0.0821787477860143,0.111814258756901,0.00613574509350932,0,0.0300952840508689,0,0.763574338643105
C3027,2,0.042825832038424,0.0274289877676161,0.163198928180081,0.00703136324230649,0.107182952495843,0,0,0.501033863899279,0.0371590069014631,0.00697948859280727,0,0,0.10715957688218
C3027,8,0.029939996998537,0.0219681436921105,0.125193625668285,0.00739145601049017,0.11052584378779,0.00384534669219997,0.0017484632651029,0.488940134144792,0.0130908019299043,0.0844710850652172,0.000674016278593934,0,0.112211086466977
C3027,16,0,0.0593739644003282,0.16650967313236,0,0.217592438383164,0,0,0.420396375915041,0,0.0487523190180637,0,0,0.0873752291510436
C3027,26,0,0.12200658346386,0.16420129275254,0,0.185348697882369,0,0,0.406222740360582,0.0310725014032636,0.00487304726855851,0,0,0.0862751368688276
C3027,36,0,0.0329564756184884,0.130073968215896,0.00128427007506211,0.0625501848327273,0,0,0.181054482375533,0.000289028507945524,0.0367706483521612,0,0,0.555020942022186
C3027,38,0,0.0326405005803341,0.157095051123573,0.0771591497271964,0.0333347385652755,2.05277350227893e-05,0.000686227161517927,0.440126354717859,0.00102298215118447,0.00408832373419727,8.11095871632162e-06,0,0.253818033545123
C3028,4,0,0,0,0.000615221935542405,0.00875542107876808,0.0828797284271876,0.207681261644555,0.305038677688339,0.00461787792792449,0.0187695882449053,0.0171555590169456,0,0.354486664035832
C3028,8,0,0,0,0.00109455080499403,0.00402086099387405,0.0611524966573993,0.288389177948515,0.20893065389569,0.0217489720577048,0.0550641846296577,0.0118553001400757,0,0.34774380287209
C3028,24,0,0,0,0.000706593360210978,0.0260194146426362,0.0719663253028685,0.0594813000275655,0.451703041113208,0.00166184922152275,0.0502625494576271,0.0197562669776511,0,0.31844265989671
C3028,38,0,0,0,0.000402019065710046,0.00529452634855324,0.0679763031244945,0.0513497834276793,0.420125345188991,0.0200412684637409,0.0287118131919231,0.0126295201834761,0,0.393469421005431
C3028,36,0,0,0,0.000577022355995345,0.0187030397035339,0.13953184516192,0.0730293349576795,0.386091664614795,0.00156971958455606,0.0107115282219842,0.0338801355318861,0,0.335905709867649
C3028,34,0.000186425115470323,0,0.000664222745114437,0.000707882502778185,0.0229416653368888,0.0328317278123622,0.0838779785614192,0.391835563824263,0.0579590457124837,0.0255852329171206,0.0436027745058581,0,0.339807480966242
C3032,2,0.0858000606703053,0,0.024061408115315,0,0.025475167799969,0.0693443944649067,0.228786141482454,0.0798671121293728,0.00281941494908526,0.0375249018570099,0.05858962365432,0,0.387731774877262
C3032,4,0.0507954611515994,0,0.00534762347494604,0,0.0343943344075264,0.169550367484596,0.229441778723823,0.0807037150113158,0.0113259813377423,0.0555833917045521,0.0256384483324261,0,0.337218898371473
C3032,10,0.0523533566917705,0,0.00753538030089509,0,0.178413811834886,0.00981626693080879,0.25750714032182,0.0954814527348098,0.0418481848847583,0.0348293075255904,0.0187940198518267,0,0.303421078922834
C3032,16,0.0761731285003873,0,0.0054982901108064,0.000176228563006433,0.0137700503611351,0.0585972801682105,0.279941381679147,0.0501778245759096,0.000352046576069927,0.0113914266292341,0.0592862856099474,0,0.444636057226146
C3032,24,0.077023866961438,0,0.00282991359769494,0,0.0626132144713736,0.0118864653087377,0.203664394204672,0.131829291337883,0.00376284881672161,0.0163459097956582,0.0296136484675451,0,0.460430447038277
C3032,26,0.0495073162580619,0,0.00897988458429502,0,0.0379738523611641,0.00676313454292602,0.338798871277411,0.100158575248662,0.00277944948275326,0.0162071220340354,0.0653976728583196,0,0.373434121352372
C3032,38,0.0590693492176701,0,0.00524268304275712,0,0.0627425414904189,0.0206979127653197,0.31414531217615,0.0481029649111233,0.00249391844403592,0.037337403114567,0.031372673282139,0,0.418795241555819
C3034,0,0,0.00725786864110095,0,0,0.0101296688748727,0.021706782025531,0.0182198357739143,0.132654794457014,0.0368492603398031,0.309629089734425,0.00510546784255028,0,0.458447232310789
C3034,4,0,0.0299640770108098,0.00111788463126037,0,0.0752547350298837,0.057949965094909,0.0887346724171235,0.384811596665462,0.00212366020154384,0.0953518120591279,0.029477569772111,0,0.235214027117769
C3034,2,0,0.0256719665685814,0,0,0.0651954043406141,0.0925511541378748,0.0548090970519411,0.406793772131636,0.00465369303429688,0.0878869645828213,0.0129284838734584,0,0.249509464278776
C3034,10,0,0.072581122899889,0,0,0.105556021653823,0.0901646549765212,0,0.375437944428457,0.0136829411141473,0.061028601694172,0.0777082038407099,0,0.203840509392281
C3034,8,0,0.0388889523934432,0.000120224148348778,0,0.0926072877692835,0.0796503532825203,0.00326400039787274,0.447838060980014,0.00467881502105978,0.0794476066370147,0.0599722973080018,0,0.193532402062441
C3034,26,0,0.0239034026473962,0,0,0.0463178196560784,0.14179740243444,0,0.307435064631468,0.0296337199896598,0.0800650773897496,0.0951023342054358,0,0.275745179045772
C3034,34,0,0.0121198106823201,4.85911741658204e-05,0,0.100779408494889,0.151630021748844,0,0.33268023158493,0.0209416848327953,0.0702124282888724,0.0557450880737762,0,0.255842735119408
C3034,36,0,0.0112466633025847,0,8.40853267392242e-05,0.0665200223919827,0.1717509023369,0.000149808344655921,0.314370954961471,0.0227588275294557,0.201977369808973,0.0696144226202774,0,0.141526943376961
C3034,38,0,0.0255192351730621,0,2.77482423318037e-05,0.131812587354872,0.185678125877614,0,0.357372763890613,0.0169064043654795,0.0366278831618075,0.0443473831933673,0,0.201707868740853
C3035,4,0,0.0311002461822955,0,0,0.0833793028881556,0.34920847795976,0.0963809143634166,0.121358049596265,0.126563082061478,0.0628915264393665,0.0277944885813426,0,0.101323911927921
C3035,6,0,0.0151147935140044,0,0,0.0467072080219696,0.310601503695699,0.0524715584290705,0.0941240521417857,0.0503387318344384,0.269119720830578,0.015287198762071,0,0.146235232770383
C3035,8,1.31655778150962e-05,0.00857840250730201,0.00058977674368564,0.000736758077261988,0.0323993555861084,0.226857614173074,0.0313300638129385,0.0668453413860041,0.0570147690011945,0.232750444518249,0.0100067648441633,0,0.332877543772203
C3035,16,0,0.0219064976183568,0.00194565177588048,0,0.0598080601227581,0.309950508018152,0.0717438247696524,0.155759294887143,0.0528604788074601,0.171593461537378,0.0178468593577028,0,0.136585363105516
C3035,24,0,0.021967978837033,0,0,0.0901729452718146,0.420572130630406,0.0595672217518111,0.144427952383324,0.0346687475441771,0.0996080645072028,0.00969611440398909,0,0.119318844670242
C3035,26,0,0.0191372415204933,0,0,0.0349059180469291,0.329951183996856,0.0632420469042005,0.130728637732932,0.0448949495702403,0.17939144750213,0.0189259803610528,0,0.178822594365166
C3035,34,0,0.00393349347287849,0,0,0.031984125450063,0.200649790805272,0.0367741443751131,0.0630523101037275,0.0726395964061734,0.281928993282222,0.040185859104144,0,0.268851687000406
C3035,36,0,0.00565433439537164,0,0,0.00880329471744663,0.154684801819637,0.0297307379482923,0.0535364893544557,0.0562948991625905,0.460205913434447,0.00880446914490791,0,0.222285060022852
C3035,38,0,0.025274644541121,0.000535731935299904,0,0.0302653659557577,0.337219257385474,0.0597441531170074,0.0906371119101518,0.0619784132165534,0.170982314397901,0.0145161367046672,0,0.208846870836066
C3037,2,0.000285916066771659,0.0888464412556569,0.0746962479545793,0,0.00155117222084729,0.000323044124444843,0.165846630298517,0.321496755097827,0.000265400563205614,0.014433307250289,0.0163994930969334,0.00272275758790918,0.313132834483019
C3037,4,0,0.0190347648204478,0.058689274405505,0,0.00954719331803507,0,0.221024272781411,0.196352845506171,0.00475273902721006,0.0314538089486943,0.0318742627927559,0,0.427270838399771
C3037,6,0,0.0295252476937203,0.0611993375605113,0,0.001321293567735,9.91495969118205e-06,0.181662692670702,0.169393480883958,0.00149054894024104,0.0444675927038716,0.080210421483935,0,0.430719469535635
C3037,16,0,0.0349164187781619,0.0186079925962544,0,0.00578167552956847,0,0.144675426938727,0.261215600280961,0.00281541590753,0.0247700783687113,0.0161713864677984,0,0.491046005132287
C3037,34,0,0.0317143457734333,0.0102762316295226,0,0.000825720374242527,0,0.120368179440153,0.361683933290438,0.00698055379993955,0.0854472011701157,0.00956306855820298,0,0.373140765963952
C3037,38,0,0.0163132065226416,0.0249258777081721,0,0.0419474450492671,0,0.144454988326702,0.157280810794535,0.0010702940822811,0.0191191396672255,0.0241395881963739,0,0.570748649652802
E5001,24,0,0,0,0,0.0144093524627282,0,0,0.744339729444728,0.0540127444846441,0.0802406882613768,0.0146290746107208,0,0.0923684107358022
E5001,36,0,0,0,0,0.0559141707608403,0,0,0.537989310746776,0.0633413856747526,0.0498768147769465,0.0521924129583094,0,0.240685905082375
E5001,0,0,0,1.52150735733892e-05,0,0.0829113402648003,0,0,0.492660578835452,0.0300526731833227,0.149994499550705,0.0667922711029817,0,0.177573421989165
E5001,2,0,3.71025452346031e-05,0,0,0.0224674412664709,0,0.000665445649571561,0.573321229836367,0.0386160490609656,0.146829572508674,0.0465204913057036,0,0.171542667827013
E5001,6,0,0,0,0,0.0785088211787552,0,0.000196453194200838,0.428642855698874,0.0695226137341899,0.217768215654567,0.0140289397672305,0,0.191332100772182
E5001,4,3.02001419406671e-05,0,0,0,0.0264081241181834,9.07004262920036e-05,0.00182410857331029,0.738666971734767,0.0101756478255448,0.0727795420638477,0.0338456590745976,0,0.116179046041516
E5009,2,0.072049390851836,0.0432291137218455,0.271114373833545,0.0201527414797125,0.00182857119965307,0.32815261528847,0.0598173531987727,0,0.0155484636967324,0.0568416435107405,0,0,0.131265733218693
E5009,4,0.040235233253155,0.011559548497588,0.213348363926416,0.000144453062464988,0.00140228586209948,0.333632517015029,0.302614750589725,0.000145854547478508,0.00248463271682675,0.0157396777625572,0,0,0.0786926827666595
E5009,26,0.0382121017858364,0.0841366969179858,0.270859904958055,0.00243358032387805,0.00190777923822361,0.350902111098462,0.084335267493946,5.94595592808762e-05,0.0119335132543069,0.0111012823580241,0.0163074436671409,0,0.127810859344861
E5009,34,0.0245855573015851,0.0823501366789039,0.232217341701497,0.0122054155251538,0.00371787601881192,0.440059564300118,0.0887484263792655,3.88392648625004e-05,0,0.0124110114259064,0.0204499322027845,0,0.0832158992011117
E5009,36,0.0389620708880213,0.0899759709352606,0.202069039397876,0.00503091123455312,0.000629991422751913,0.381497508665676,0.0797522925616925,0,0,0.0308281275765063,0.0168565272574161,0,0.154397560060246
E5009,38,0.0420222095570665,0.0733810464785993,0.205784206605363,0.00379054886272287,0.00103720672376621,0.461007100735227,0.0753493261939483,0,0,0.0315756033109635,0.00272461036752741,0,0.103328141164817
H4004,2,0,0,0,0,0,0,0.818797060961829,0.000180244189064366,0,0,0,0,0.181022694849107
H4004,4,0,0,0,0.000178922416626677,0,6.63420196480938e-06,0.882478228257961,0.000157512037558429,0,4.89523690433662e-05,0,0,0.117129750716846
H4004,6,0,0,0,0,0.000274275288702065,0.0136542253591497,0.32540967464185,0.0171023913890675,0,0,0.000999881754562442,0,0.642559551566669
H4004,10,0,0,0,0,0.0580986423798002,0.255557863304237,0.102860785234865,0.319283470891816,0,0.00759897127128926,0.0465875521677407,0,0.210012714750252
H4004,16,0,0,0,0.0825736451890321,0.0374347135573121,0.187527853730746,0.139650912251278,0.312448977569797,0,0.00766278463347768,0.0273762954080238,0,0.205324817660334
H4004,34,0,0,0,0,0,0,0,0.60074855786415,0,0,0.241229695918665,0,0.158021746217186
H4004,24,0,0,0,0,0,0,0,0.945006911563384,0,0,0,0,0.0549930884366158
H4004,26,0,0,0,0,0,0,0,0.771076585345023,0,0,0,0,0.228923414654977
H4004,36,0,0,0,0,0,0,0,0.724157164500479,0,0,0.0777259489567069,0,0.198116886542814
H4004,38,0,0,0,0,0,0,0,0.913772722449249,0,0,0.0485744347293328,0,0.0376528428214179
H4006,10,0,0,0,0.0312051326618054,0.00423945819657553,0,0.26122350401785,0,0.0151167561318696,0.115614338954551,0.380806884509046,0,0.191793925528303
H4006,8,0,0,0,0.303760592497457,0.00033210154158806,0,1.60743211910203e-05,0,0.0123962334327077,0.219943420411335,0.22876013503643,0,0.234791442759292
H4006,6,0,0,0,0.0900999109758866,0,0,0,6.54664283552286e-06,0.0194049654035499,0.411482075036188,0.113557759751097,0,0.365448742190443
H4006,4,0,0,0,0.283150824120974,0,0,0,8.26600775987375e-06,0.00992779324298375,0.209725360832434,0.297486201065764,0,0.199701554730085
H4006,16,0,0,0,0,0,0,0,0,0,0,0,0,1
H4006,24,0,0,0,0.824481896540504,0,0,0,0,0.00817281362292461,0.0780669952652568,8.7506144953829e-05,0,0.0891907884263612
H4006,26,0,0,0,0.588795221106427,0,0,0,0,0.0182806815740927,0.112738117923631,0,0,0.280185979395849
H4006,36,0,0.000515530500370488,0,0.0321132235301907,0.0010648989100317,0,0.102815177863261,0.00847781055526962,0.0161574445443286,0.395501150436535,0.0177277121058106,0,0.425627051554202
H4006,38,0,0,0,0.115150573687877,0,0,0.33561733146533,0,0.0341968455575209,0.1051761949352,0.063622646609096,0,0.346236407744976
H4007,10,0.0635499774260579,0.207133666073273,0,0.014368722138654,0.00499971012835556,0,0.0654099621124243,0.373695414891432,0.016183949441579,0.114506408666551,0.0122942624739178,0,0.127857926647755
H4007,6,0.0206072419916706,0.106674068443902,0,0.0251921574732788,0.00557370277216553,0,0.0589125426318595,0.442518074183022,0.0231688400693485,0.163873462110748,0.0554498310073543,0,0.0980300793166504
H4007,0,0.110474522318834,0.0656054634891408,0,0.0531289419858879,0.0106772755597952,0,0.0990134198184106,0.417741194067437,0.00186185192913083,0.0992094516807503,0.0286733410991467,0,0.113614538051467
H4007,24,0.0443853563334741,0.170848320656589,0,0.00539799152750505,0.00916629483308472,0,0.085504221868464,0.379200312470472,0.00240755772923027,0.0783885646068072,0.0861344935676715,0,0.138566886406703
H4007,26,0.0828956012806477,0.216013839063356,0,0.000294067088919924,0.0091144788468808,0,0.0432671844141841,0.422266531843393,0.0185236251237953,0.0756947097340709,0.021912150483905,0,0.110017812120847
H4007,34,0.079727472963624,0.0903094468928529,0,0.0121915700560924,0.0208203296473242,0.00501358631566197,0.107805247425996,0.411930591362561,0.0224851410337295,0.0483678542463845,0.0358630241845893,1.7216566167084e-05,0.165468519305017
H4007,16,0.0622032750608941,0.184262724590267,0,0.0140824031873602,0.00901692170564125,0,0.0406597007697203,0.477918089315052,0.031749374378674,0.0334110190101323,0.0378483495308454,0,0.108848142451414
H4007,38,0.0705866610915326,0.146134997973876,0,1.21097035054189e-05,0.0522850960474628,0,0.0459203960133255,0.256127534993791,0.0132403094599703,0.0673473654439302,0.0473365307620997,0,0.301008998510506
H4008,36,0.0653776375954432,0.0489997112229657,0,0.00356151662251511,0.0224169936366848,0.0761724077050763,0.0632261384698905,0.176112908814393,0.0332715832777055,0.0360613578051663,0.0130488742605474,0,0.461750870589612
H4008,2,0,0.0386020955581969,0.0163873248737176,1.97899918376381e-05,0.0218426986440625,0.0156331848276191,0.0937775015256468,0.315520826139267,0.000440428287733557,0.0465779671154956,0.0203794508802306,0,0.430818732156192
H4008,4,0,0.0195120696166533,0.000807591729811457,3.18544399116529e-05,0.0151356575435347,0.0116076762257553,0.114109546397881,0.151046811426718,0.00116350383728589,0.144357481142835,0.00854822062834312,0,0.53367958701127
H4008,6,0,0.0168787876956535,0,0,0.0096364624910156,0.0126804772311574,0.0506438652797891,0.0515994570913123,0.00251146324644474,0.176199314091181,0.0106766623661041,0,0.669173510507342
H4008,10,0,0.0355342854706469,0.000994471569701027,0.00176267262624924,0.0123017705667654,0.00466693487039681,0.0290370290006189,0.118111202669992,0.00941249452264943,0.139532075955972,0.0122821407554565,0.000175085252481588,0.63618983673907
H4008,0,0.00140409785219053,0.0803551162975262,0.0294502002356972,0.0176100897949564,0.059123076782755,0.00887434293976134,0.12798226641082,0.20136742545402,0.00190375665630761,0.0016792980957506,0.0242212907698677,0,0.446029038710348
H4008,24,0,0.0289118830853372,0,0,0.00887487582637679,0.0162882778580593,0.0593581566816169,0.276058636787557,0.0386458596116233,0.216101145207665,0.0167969732271085,0,0.338964191714656
H4008,26,0.0025397388115442,0.0391255325962222,0.000363535959681797,0,0.0208237127307967,0.049032037884738,0.0743577414411143,0.309811741309175,0.0143965653972718,0.0936461012522841,0.0183643809351557,0,0.377538911682017
H4008,34,0.0370508855401914,0.018694977231577,0,0.020067217376715,0.0133028074244146,0.0268468889447366,0.308213349756974,0.0755653801091145,0.00074520863080515,0.0200036607796657,0.0252189163309028,0,0.454290707874903
H4008,16,0,0.0978237115535139,0.00211118845675131,6.34559493411007e-05,0.0162070303979059,0.0147803241245685,0.0328234669523822,0.393579561129432,0.0104152966330053,0.0497947756406144,0.0366739298499994,0,0.345727259312486
H4008,38,0.107514175715001,0.0409684999020834,0.000102910832908826,0.000173233235396524,0.0249074483531391,0.123855810623082,0.0269239962132849,0.319091684774433,0.00633234569201633,0.050206462336199,0.0151577567577357,0,0.284765675564721
H4014,0,0.0602417993735263,0.0364212107620895,3.46239667097565e-05,0.00914633109038076,0,0,0.0362565968163162,0.145780609337784,0.0462366049779657,0.171109441955722,0,0,0.494772781719506
H4014,4,0.00975572122184325,0.0204830955342943,0,0.218039630642559,0.00400479886442469,0,0.106045506317335,0.27844298722129,0.00050670410880709,0.0230056386862175,0,0,0.339715917403229
H4014,10,0.0814235256040415,0.0554313978944237,0,0.0371494307867667,0.000698173250697067,0,0.0702043056362463,0.166730526836348,0.186713399176988,0.0945556357437364,0.000924933811245957,0,0.306168671259506
H4014,16,0.0526793439350138,0.0259959361540065,0,0.0210160297039098,0.00146922736975602,0,0.0872847237866587,0.271038447256964,0.10072111300192,0.138575583663813,0,0,0.301219595127959
H4014,36,0.0856377682041416,0.0124487234051613,0,0.00676787181069262,0.000606468469823885,0,0.138621335564824,0.244471069669662,0.0010992874654464,0.138715012740704,0,0,0.371632462669544
H4014,38,0.0179839341980254,0.00305100300216284,0,0.134907092134864,0.000980019146149274,0,0.0657470043190384,0.161293343889241,0.07123398600277,0.00779724215859065,0,0,0.537006375149158
H4015,0,0,0.00871563133303606,0.00139967899331405,0.0309140648837797,0.0210109274028951,0.0153849377935488,0.0505702345763326,0.350364950329394,0.000686854438297961,0.188834634630038,0.0258633284003481,0.00214819992497745,0.304106557294038
H4015,2,0,0.0217755818283234,0,0.0112530326136582,0.00659690256195402,0,0.20968862744194,0.306427462086378,0,0.0687485309896657,0.0169511639573397,0,0.358558698520741
H4015,4,0,0.0377184098630118,0,0.0129782084267395,0.00260347597512624,0,0.0442852762653539,0.158478179708049,0.0576961655480455,0.413943705454355,0.0147294150340654,0,0.257567163725253
H4015,6,0,0.0611672919753212,0,0.0372079806040816,0.00761462608801581,0,0.0671396588280532,0.262022940417654,0.00821293059046694,0.239249886762347,0.0246853180912964,0,0.292699366642764
H4015,8,0,0.0672218956115467,0,0.0250108768602744,0.00490861677192182,0,0.0887686400186869,0.291794840361238,0.0548769439346258,0.194412720987671,0.0206926442605071,0,0.252312821193529
H4015,16,0,0,0,0,0,0,0,0.0665966036257868,0,0,0,0,0.933403396374213
H4015,24,0,0.179649983535487,0,0.492545657864502,0,0,0,0,0,0,0,0,0.327804358600011
H4015,26,0,0.0469672969278159,0,0.209297747745592,0,0,0,0,0,0,0,0,0.743734955326592
H4015,34,0.00579412859338493,0.0531177632621836,0.00254502715499714,0.14073915092389,0.000201917907824637,0.000106612655331408,0.00611687417725183,0.0138125848593661,0.0551287579345661,0.16066505620533,0.000617168815862929,0,0.561154957510011
H4015,36,0,0.0395552943773678,0,0.234767000521849,0.0011337692328236,0,0,0,0.19726193460939,0.114783345483399,0,0,0.412498655775171
H4015,38,0,0.00918745028269194,0,0.144393161061187,0,0,0,0,0.394320268450977,0.198643555691925,0,0,0.253455564513219
H4016,0,0.0754652,0.0779531,0,0,0.0387247,0.3568637,0.1536025,0.1746145,0,0.0091288,0.0475095,0,0.066138
H4016,2,0.0628212220920566,0.0247755809684258,0,0,0.0218262451967374,0.199565017742434,0.186584278812823,0.148793744578979,0.00357149645701549,0.020622740928449,0.203598607816675,0,0.127841065406405
H4016,8,0.101865692576002,0.125576150353078,0,0.000436728693075135,0.0110674271299624,0.136360058855867,0.0863897758082706,0.18946404778794,9.20060447971432e-05,0.0796921357733203,0.0303676951575718,0.00469810866573934,0.233990173154376
H4016,10,0,0.0141605737466601,0,0,0.0671141000030615,0.530396198714269,0.0145223570260694,0.236610967115941,0,0.07826344826289,0.0360687724401182,0,0.0228635826909913
H4016,24,0,0.111000155278136,0,2.32116801174351e-05,0.0444455650083122,0.267556134246753,0.0889377534775499,0.418355616546246,0.000236619066714371,0.00654109147723134,0.021600169205144,0,0.0413036840137957
H4016,26,0,0.096281437663495,0,0,0.0361358115672921,0.215742932066484,0.0292277375774857,0.439007246064132,0.0126818386463495,0.0436067352545043,0.0598851254002495,0,0.0674311357600078
H4016,34,0,0.0564332112866423,0,0,0.0530020106004021,0.443950888790178,0.0813085162617033,0.296797659359532,0.00800310160062032,0.00735290147058029,0.0375140075028015,0,0.0156377031275406
H4016,38,0,0.108600314549102,0,0,0.0207345571314595,0.206729204812143,0.0384196114648974,0.462505588886746,0,0.0315513988907205,0.0345417473199618,0,0.0969175769449701
H4018,0,0,0,0,0.66042813919279,0.0209701424114643,0.0958888712843894,0,0.0603296366565356,0.00299840594385094,0,0,0,0.15938480451097
H4018,4,0,0,0,0.0427853613700797,0.0865278950357773,0.432148576524033,0,0.216470891131211,0.00592652015917769,0,0,0,0.216140755779721
H4018,6,0,0,0,0.0357332523402364,0.0589344221899673,0.47448792726761,0,0.238504328369729,0.0176931842442062,0.000540299703231631,0,0,0.174106585885019
H4018,8,0,0,0,0.0179534403005029,0.0341954565905536,0.548509894276387,0,0.299928108583259,0.017620802397875,0.000368163310399598,0,0,0.0814241345410237
H4018,10,0,0,0,0.0772465687903756,0.0938013308278243,0.409454875378723,0,0.294292001922833,0.000859982431501096,0.00325069349865309,0,0,0.12109454715009
H4018,24,0,0,0,0,0.156499232564194,0.468161906840671,0.000237049770908329,0.21394839847225,0.0044338569054702,0,0,0,0.156719555446506
H4018,26,0,0,0,0,0.0603769545756552,0.14570909851472,0,0.463784842271881,0.00797800530990104,0,0,0,0.322151099327843
H4018,34,0,0,0,0,0.0927011314293895,0.437029472541411,0,0.349391607851728,7.22836192367994e-05,0,0,0,0.120805504558235
H4018,36,0,0,0,0,0.158095595878084,0.494959985013256,0,0.229666126537844,0.00826729222474376,0,0,6.20099595219453e-05,0.10894899038655
H4018,38,0,0,0,0,0.122238026381326,0.300194536933746,0,0.416055947056812,0.00469794836039661,0,0,0,0.156813541267719
H4019,0,0,0,0,0,0,0.121661758234126,0,0.321492558216591,0.0469046132054579,0.230867503064331,0,0,0.279073567279495
H4019,2,0.00588850418529197,0,0,0,0.0334635833125037,0.200042932641876,0.103916794070776,0.0881267600810758,0.00565834981647053,0.215790220349513,0.00098537751023756,0,0.346127478032255
H4019,4,0.00815067328005417,0,0,0,0.00863743854418324,0.333850999340505,0.0846855288992129,0.0926992961753469,0.0690202139043707,0.138029219742621,0.00372453464528461,0,0.261202095468422
H4019,10,0.0116046777649354,0,0,0,0.014711103863446,0.458421142538749,0.0684958011076407,0.10163141032043,0.0764461054449806,0.0800059743549918,0.00233906134058683,0.000313623824916817,0.186031099439323
H4019,16,0.0139450835106558,0,0,0,0.0299079459982438,0.141398957315012,0.076394706740596,0.104240535276367,0.176816338026537,0.10133283754845,0.0121488709998215,0.000182014521609784,0.343632710062708
H4019,38,0.019756063866565,0,0,0,0.00457683807214485,0.115323375288351,0.121520176919907,0.200979721703502,0.0427985620790151,0.287882484713899,0.00273968805334723,4.18106844283036e-05,0.204381278618841
H4019,24,0.00611126202946849,0,0,0,0.0199962501141019,0.0855761877204715,0.0660773289591239,0.0728030156008184,0.131231432065206,0.305361471138754,0.0042928632395135,9.02953237870867e-05,0.308459893808754
H4019,36,0.0246170630073209,0.000106416014292204,0,0,0.0132199841214672,0.0581640307554263,0.0745781291236886,0.116882470428711,0.0448170445125008,0.420076508430664,0.00897336430035718,0,0.238564989305572
H4020,2,0,0,0,0.0502591816433024,0.0355352255615535,0.412426255168767,0.128047825059824,0,0.00103254816817116,0.000883692488674112,0.204360366542547,0,0.167454905367161
H4020,4,5.13768854487489e-05,0.000358833863339697,0,0.129354429828676,0.0318028953438768,0.376520682916442,0.140844955719861,0.00197142459858918,0.000376328145273321,0.00439267343494294,0.0738048565132066,0.00129256602608438,0.23922897672426
H4020,6,0,0,0,0.130166044666522,0.0554938938882649,0.195350287418794,0.261470216544417,0,0.000693681204884488,0.00974326866640592,0.0610596110946817,0,0.286022996516029
H4020,8,0,0,0,0.429589412928135,0.0077350426144438,0.163294996930051,0.0427492958064452,0,0.000143821984062065,0.00148518623485535,0.0534174199767224,0,0.301584823525285
H4020,10,0,0,0,0.265905532431225,0.0315775875891624,0.228592697514485,0.139485405031548,0.000307315403418067,0.00304872562625441,0.0183111525735026,0.0829104186154521,0,0.229861165214952
H4020,16,0,0,0.000282886422502784,0.116251204344399,0.039601396413869,0.234938375104794,0.220657315531976,0,0.0360900411666813,0.0299778525757329,0.0745407725321889,0,0.247660155907857
H4020,0,0,0,0,0.190186563252593,0.0612115021990877,0.261136588939571,0.0513669467119617,0,0.00271888473961234,0.0294635792097582,0.0989793193546646,0,0.304936615592751
H4020,38,0,0,0,0.222997785700882,0.0423642209295052,0.168483793081879,0.120545843497842,0,0.0341930818790267,0.102896303246388,0.0479779821104648,0.000910139488334272,0.259630850065678
H4020,24,0,0,0,0.0808142759572235,0.0164182472052492,0.0986330435827816,0.135739958938848,0.000201995199176129,0.00106437107220946,0.0972164287391394,0.137907511053456,0.0128447759080744,0.419159392343842
H4020,26,0,0,8.46856224157731e-05,0.185623367860012,0.0283094514867137,0.355599638848392,0.146177706915789,0,0.000219280641237528,0.0094499132648853,0.0613246174289425,0,0.213211337931612
H4022,0,0.0546765793349565,0.0520276253272431,0.206463772057812,0.0152206424655905,0.00514357148314874,0.138483951128724,0.0156603445099465,0.000118767180452949,0.0110839572494899,0.00835707494675238,0.0363722463393462,0,0.456391467976538
H4022,2,0.0552568756325174,0.0124401508720608,0.286579220633265,0.00218144037797151,0.00665449041222484,0.206595548739986,0.114805365576357,0,0.029200289632151,0.0550355395673406,0.010718007767045,0,0.220533070789081
H4022,4,0.0606218236441084,0.0461769302139038,0.178424534766127,0.0314896469448312,0.0102650222612369,0.1337731612185,0.0685124042062967,0,0.0294565084639137,0.0709172487545504,0.0201368898697394,0,0.350225829656792
H4022,6,0.0354274870425352,0.0220270694027881,0.246350995497068,0.00122183104102833,0.0122872873548205,0.172482624880383,0.126396094976611,0.00030159872149776,0.0373389795837959,0.0478226115923365,0.0122016868587047,0,0.28614173304843
H4022,8,0.0509529040690936,0.0167899095013287,0.204636316715104,0.00165136626974114,0.00787237878088245,0.127698852112638,0.112124100983166,4.59683416795172e-05,0.0361256571370982,0.0988323713648022,0.00952341748524345,0,0.333746757239222
H4022,10,0.0640784056736588,0.017395859006593,0.180274980859111,0.00123467447366144,0.00365522286884093,0.140168616159872,0.127947768646014,0,0.0365874963143281,0.0718360531097639,0.0150451282080724,0,0.341775794680084
H4022,16,0.0660956860469935,0.0330810990012846,0.142460735153951,0.00259303385686461,0.010486925531474,0.066024201234926,0.0972055654552235,0,0.0260628444739132,0.104905515726659,0.00645155608967718,0,0.444632837429033
H4022,34,0.0546347397008117,0.0155465090500511,0.155986054170984,0.00228056754074077,0.0030782308355069,0.100938049515377,0.073313958761259,2.7502011215782e-05,0.0704747434965091,0.0682476054355731,0.0126806315301531,0,0.442791407951818
H4022,36,0.0521566360291525,0.0522402546959645,0.199936392985003,0.00296420055531319,0.0036852085986374,0.0920668920920386,0.0875593994434285,0,0.00829620979111671,0.117276194993454,0.0187976589614704,0,0.365020951854422
H4022,38,0.0646623667310137,0.0175668302512526,0.178007045050898,0.00160268129124465,0.0103542840526006,0.0515350693418801,0.149065266267888,0,0.022930309464915,0.10580546824651,0.0141741163288489,0,0.384296562972949
H4022,26,0.0586420505302512,0.0202653071109204,0.227217687387531,0.000994513465317436,0.00311043829856855,0.0455081176094698,0.174623854152559,0.000129777271557295,0.0140022683257179,0.054237438727286,0.019092684109678,0,0.382175863011143
H4030,0,0.0248792276984022,0.0127952163298084,0.00950704927205778,0.000584005923077666,0.0298287909166324,0.148407371461673,0.101136694990885,0.340083273244289,0.00262134819061937,0.159729113311739,0.0157063070790272,0.0111120381046398,0.143609563477149
H4030,4,0,0.000870545758067942,0.00209863522846834,0,0.00064891047439987,0.160582290253567,0.0660596508366105,0.353223497020051,0.000547606422572341,0.00373413635002651,0.000248398789620443,0,0.411986328866616
H4030,8,0,0,0,0.00170665967869436,0.000588192588165857,0.0783081884123934,0.0149864059569764,0.121198961079148,0,0,0.0187023776893053,0,0.764509214595317
H4030,16,0.000101706041338856,0,0,0,0,0.386061232037183,0.121768533050863,0.307190247100678,5.76034216432456e-05,0,0.0200077884626347,8.10048116858141e-06,0.164804789404491
H4030,24,0,0,0,0,0,0.39979886342028,0.180411449740812,0.221326559161092,0,0.0576510172311471,0.0173427785235987,0,0.12346933192307
H4030,26,0,0,0,0.000554071084644505,0,0.28022147611191,0.206447447324665,0.276756452437873,1.09230870367609e-05,0.0413372704548333,0.0199743177179286,0,0.174698041781109
H4031,0,0.0268731040123852,0.0302270947062533,0.0236952489273061,0.00455898669324531,0.0015714943252874,0.200069011494502,0.097216336006627,0.351211598579934,0.000353373317519201,0.0325727641448015,0.0324077497263286,0.0317446863253243,0.167498551740486
H4031,2,0.0584192277518421,0.026884697517124,0.0359746882647007,0,0.0022069115250215,0.102937807733538,0.0763995860784451,0.434185316841471,0.000133584688319984,0.0485833137747525,0.00546239751848097,0,0.208812468306304
H4031,4,0.042509389238935,0.0283014946151802,0.00469840090690437,0,0.00189172141239316,0.0786228869141261,0.0845050035705803,0.379158168445045,0.0122732000323351,0.120530250964367,0.0233843211605042,0,0.224125162739629
H4031,6,0.0844383319820193,0.0274446405107752,0.0273621406694878,0.00312068172880002,0.0147840328968884,0.0551645871833685,0.106950258933981,0.304591049717962,0,0.0137817671670464,0.0116414738867556,0,0.350721035322915
H4031,8,0.0654240947492048,0.0397421766474914,0.000751735369334894,0,0.0304309371510427,0.089856835900008,0.148708612757209,0.322571772976744,0,0.0381702818904431,0.0214198138619011,0,0.242923738696621
H4031,16,0.147121838299202,0.0782623940277993,0.000782706309007407,0.000259817411915542,0.00256807394149319,0.142520680398246,0.0676697754252184,0.237635004635529,0,0.0233709575385132,0.0113581393371799,0,0.288450612675897
H4031,24,0.0645550832230395,0.0572129649968618,0.000750365453146233,0.000560322741046689,0.0109677894787705,0.0259819724270264,0.0687998085016416,0.353750457542992,0,0.140814068174588,0.0106584646388638,0,0.265948702822023
H4031,26,0.072711321294505,0.0384355911914703,0.00246500995386372,2.69931885849518e-05,0.0113219868953588,0.0380233680736005,0.126692279757406,0.406199522611913,0.000272741585776576,0.0641988336333524,0.022666953122264,0,0.216985398691904
H4031,10,0.0606597230055775,0.0437420567775898,0.00595951619978693,0.000330688725950993,0.0146033464937018,0.0328467757097199,0.0663260512627687,0.47958388168202,5.54490192392054e-05,0.0412118568653256,0.0279866140251927,0,0.226694040233126
H4031,36,0.128902782746328,0.045083076235085,0.00072103082035274,2.31481926063055e-05,0.0161591568639799,0.062711890620039,0.236025036842522,0.215459131259451,0,0.0201314473655082,0.0197991848803688,0,0.25498411417376
H4031,38,0.115836466047141,0.0304282226229707,0.0014777892176657,0,0.0150218245476907,0.0383309065938353,0.0951580884118432,0.297071774608503,0,0.0544944715541935,0.0441089728353167,0,0.308071483560841
H4035,0,0,0,0,0,0.0766448674924955,0,0,0.551206894072379,0.116784371675211,0.0123869255184418,0.10347539152131,0,0.139501549720163
H4035,2,0.0195487229952054,0.0032694609638326,0,0,0.0526251338433703,0,0,0.296450902218305,0.294625271131469,0.0863582227303998,0.0493956567857649,0,0.197726629331652
H4035,4,0.022479727895713,0.0102284772365544,0,0,0.0285736173511906,0,0,0.383699352076785,0.126477134478185,0.111797913975426,0.0419062942415883,0,0.274837482744558
H4035,6,0.0149900174729282,0.000973912409384977,0,0.000625034807627508,0.0159850648734044,0.00368640320915307,0.00130425933174964,0.691465390099849,0.0319740362143565,0.0884085692272125,0.0275803620474057,0,0.123006950306928
H4035,8,0.0309702204523534,0,0,0,0,0.0523161447255229,0,0.182148686882616,0.348600355648485,0.157132932841283,0.0296304254232546,0,0.199201234026484
H4035,10,0.0837010029188676,0.0210571552655766,0,0,0,0.197487652887053,0.00387199402086637,0.399948692569513,0.0534573936229308,0.0186652998151721,0.0494960155942269,0,0.172314793305794
H4035,16,0,0,0,0,0,0.207892941578588,0.0314870062974013,0.144144028828806,0.263760852752171,0.23954214790843,0,0,0.113173022634605
H4035,38,0.117290388498971,0.037070163605465,0,0,0.0159075870754243,0.164273852729478,0.0498512404827513,0.252906181290985,0.00224039393968489,0.0954338209173044,0.0261641327342147,0,0.238862238725721
H4035,24,0.0178176928053374,0.0707973269642693,0,0,0.0439836841945573,0.145028499307957,0.0376580616560856,0.443729368266528,0,0.0202863227961272,0.038089557733829,0,0.182609486275309
H4035,26,0.0105822342139609,0.00367377480661852,0,0,0.00368739621811525,0.275485235241276,0.032885793178297,0.311394180512347,0.0656138383925693,0.0518244628731904,0.00861864765224456,0,0.236234436911381
H4035,34,0.0172193272373769,0.0063367528028411,0,0.00211336137015673,0.00603007060353199,0.214374390522127,0.0277883549599133,0.459865919915365,0.0076122398299216,0.0318123726784319,0.0444754805663627,0,0.182371729513972
H4038,2,0,0.0680375430617045,0,0.0297684889892325,0.0041525162365116,0.000189128266790537,0.0778776165995778,0.558385396976229,0.00166062623671374,0.0202418280077549,0.0167435554793261,0,0.222943300146159
H4038,4,0,0.0893407825804363,0,0.0360834364921441,0.00218766265452996,0,0.0671809251312929,0.529760522349247,0.000835039376321936,0.0281140294443716,0.0199369665709249,0,0.226560635400732
H4038,8,0.000398498993835347,0.121918844139472,0,0.0458373518000063,0.00541648531337898,0,0.134079205047869,0.396364336011371,0.000488206574307125,0.0563730087509694,0.0212942236473411,0.0095920661045193,0.20823777361693
H4038,10,0,0.149100211173393,0,0.0129718076398349,0.0129719079406773,0,0.169791773445272,0.356528973001621,0.00140260697937393,0.0408226434367241,0.0429270554099967,0,0.213483020973107
H4038,24,0,0.0411876628686583,0,0.0508650498174666,0.00648993303423431,0,0.130832682026131,0.328603905432203,0.000593409507812673,0.0109486917264228,0.0220001526972155,0,0.408478512889855
H4038,34,0,0.109391387131131,0,0.296218486339429,0.00172766240433571,0,0.155156102080902,0.144333818984028,0.00259204628161691,0.0222827552200918,0.0290742279857193,0,0.239223513572746
H4038,36,0,0.0874074932667494,0,0.0618505210320508,0.00638330669010627,0,0.311950433133549,0.203154002682031,0.0021953495897265,0.0251599398555309,0.0544813746939249,0,0.247417579056331
H4038,16,0,0.261844314568589,0,0.0336446900276317,0.00365956595479717,0,0.0846979647291655,0.137230657999482,0.0003411684923796,0.0296509036060559,0.0152908673414494,0,0.43363986728045
H4038,38,0,0.171720732932361,0,0.0971047940380007,0.0061968790591814,0,0.0406135231142586,0.414560580108098,0.000448722229609009,0.0151494641103438,0.0126872575521205,0,0.241518046856027
H4039,2,0,0,0,0,0,0,0,0,0.0750210188314416,0,0,0,0.924978981168558
H4039,4,0,0,0,0,0,0,0,0,0.0845082058031564,0.331111760026624,0,0,0.584380034170219
H4039,8,0,0,0,0,0,0,0,0,0.0771493820338254,0.13759624207025,0,0,0.785254375895924
H4039,10,0,0,0,0,0,0,0,0,0.105993932443228,0.445138274130519,0,0,0.448867793426253
H4039,0,0,0,0,0,0,0,0,0,0,0,0,0,1
H4039,24,0,0,0,0,0,0,0,0,0.0669553846325057,0.175737644960117,0,0,0.757306970407378
H4039,26,0,0,0,0,0,0,0,0,0.000839864151284256,0.145200393660883,0,0,0.853959742187832
H4039,34,0,0,0,0,0,0,0,0,0.0846835180541595,0.26768334477059,0,0,0.647633137175251
H4039,16,0,0,0,0,0,0,0,0,0.0408726568863688,0.0705917460255173,0,0,0.888535597088114
H4039,36,0,0,0,0,0,0,0,0,0.00797425069942417,0.146806416140139,0,0,0.845219333160437
H4039,38,0,0,0,0,0,0,0,0,0.0382817519936219,0.19104070514242,0,0,0.770677542863959
H4040,0,0,0,0,0.00101651681788513,0.00788253583437772,0,0.00847055204090932,0.085841831963912,0.00100545397938203,0.111317441829225,0.00891970328413531,0.590269021892304,0.18527694235787
H4040,2,0,0,0,0.000536768306273326,0.000967366208079363,0,0.00814661541228539,0.126748423256546,0.000803001083432942,0.0262424841680242,0.0107098723201385,0.752310039955355,0.0735354292898652
H4040,34,0,0,0,0.0129035629795502,0.0107742393242705,0,0.0258383127539515,0.123395822587371,0.0276189403685066,0.156614868203328,0.0200602405406619,0.303843256233474,0.318950757008886
H4040,38,0,0,0,0.00991136177850996,0.0129148346227351,0,0.0168566119735062,0.120688157170607,0.0060241472073115,0.10431505031006,0.0424380096155395,0.278880665394193,0.407971161927539
H4040,16,0,0,0,0.00564048866839697,0.0240606249844721,0,0.0202131972128528,0.268859755845582,0.00180841714871356,0.0695434711147028,0.0412104372074743,0.157036902571573,0.411626705246232
H4040,26,0,0,0,0.00298927365051165,0.011055933050207,0,0.00532002264039906,0.117675251615313,0.00210781429990048,0.00884821574081669,0.0125036165317744,0.678218295678215,0.161281576792863
H4042,0,0.0285685410060072,0.0056639595740841,0,0,0.00347961946012839,0.0123029881145745,0.00460638873849486,0.0762296645783381,0.0175377317142341,0.0394354809601155,0.00327078660375899,0.729035501585583,0.0798693376646814
H4042,2,0,0,0,0,0,0,0,0.0842395084239508,0,0,0,0.732424473242447,0.183336018333602
H4042,4,0,0,0,0,0.000133671526641146,0.00388610102920056,0.00068981727814287,0.0106651426976137,0.0550445909360477,0.0202908965177815,2.47688425209026e-05,0.882555173850199,0.0267098373218524
H4042,8,0,0,0,0,0.7197821,0,0,0,0,0,0,0,0.2802179
H4042,36,0.0120547930903388,0.00310886769171895,0,0,0.00123338764080531,0.00398235832029188,0.00065082631249722,0.0197301866655798,0.0807472365481088,0.0799483354537307,0.00176886620795944,0.59306349456686,0.203711647502109
H4043,2,0.1153152,0.141766,0,0.0183114,0.0003556,0,0.1190009,0.1758278,0.0011082,0.0001115,0.0657603,0,0.3624431
H4043,4,0.0637587872482425,0.0773265845346831,0,0.0192366961526608,0.0357824928435014,0,0.214510957097809,0.148565270286946,0.000973199805360039,0.0176627964674407,0.0312097937580412,0,0.390973421805316
H4043,8,0.0919621429211855,0.0574679556914385,0,0.023931209619874,0.0766772213443112,0,0.105990824589169,0.254691798024494,0.0195700129348935,0.0204888994155653,0.0138068918694912,0,0.335413043589577
H4043,16,0.128469062485472,0.058587532821397,0,0.0131933425371369,0.0263197789470067,0,0.117885968511672,0.167150001111733,0.00706041562652232,0.0334312332355682,0.0169959755256982,0,0.430906689197793
H4043,26,0.1201181,0.0813576,0,0.0168104,0.0171996,0,0.1670111,0.1829014,0.0029004,0.0074439,0.0120439,0,0.3922136
H4043,38,0.0924654091560671,0.0646346924606479,0,0.0283904638529469,0.0190996212904373,0,0.238285345217258,0.175051721097477,0.0057101011856017,0.0335182119379185,0.0161905564973031,0,0.326653877304343
H4044,6,0.0630943973218834,0,0,0,0.0793957894743309,0.451302107413225,0.142714339386272,0.0885649513617551,0.0125845960988438,0.0213094463881583,0.0240999362153274,0,0.116934436340204
H4044,8,0.0246479410292708,0,0,0,0.0375308579710723,0.367741297182776,0.105051525363478,0.126438928620599,0.0565504921718012,0.0799446930797409,0.0607232199381488,0,0.141371044643113
H4044,16,0,0,0,0,0.00790869969019723,0.100665711335977,0.0417363861861031,0.275079791139773,0.255205082364626,0.235668080912344,0.00365873037716544,0,0.0800775179938136
H4044,24,0.035296066340869,0,0,0,0.0185706299549474,0.0915990700437611,0.0797173436510561,0.310713295131137,0,0.202388788701454,0.050626896366377,0,0.211087909810399
H4044,0,0.0712314257551893,0,0,0,0.0229318811939748,0.185414233956295,0.0757329161514892,0.302501195919898,0,0.0247628829781186,0.0550796866887711,0,0.262345777356264
H4044,2,0.0181537193635431,0.000146214564986723,0.000944794532389835,0,0.0436933106734698,0.156624614366721,0.151859302489323,0.0851556273821596,0.00121920139355921,0.320916634991935,0.0269012399015475,0.00050574355451884,0.193879596785845
H4044,38,0,0.000474889414652394,0,0,0.0864904780109076,0.164821902625828,0.254182636459694,0.191756366861148,0,0.0498365215493762,0.0726905874477427,0,0.179746617630652
M2014,4,0,0,0,0.00223279120174265,0,0,0,0,0.0278425631956029,0.0136450264105616,0.00254649117176223,0,0.953733128020331
M2014,8,0,0,0,0,0,0,0,3.76029853576298e-05,0.0313507268192477,0,0,0,0.968611670195395
M2014,16,0,0,0.20728093914343,0,0,0,0.160805858899947,0.282197103489929,0.0363750778220201,0.207495468762226,0,0,0.105845551882447
M2014,24,0,0,0.125560380151327,0,0.00832720626683067,0,0.13135239694144,0.394348908241312,0.0287000901772091,0.10808735750755,0,0,0.20362366071433
M2014,10,0,0,0,0,0,0,0,0,0.0262233998379821,0,0,0,0.973776600162018
M2014,26,0,0,0.168277893985205,0,0.00290865455814627,0,0.16819313994603,0.193152454004673,0.0429287713846348,0.196984197124086,0,0,0.227554888997225
M2014,34,0,0,0.0020211981418198,0.0258135447718926,2.23353412103972e-05,0,0.196487201699249,0.42433512546903,0.0881890415203977,0.0885813622895508,0.00298161781386688,2.14339148835202e-05,0.1715471390381
M2014,36,0,0,0,0.0603540713082884,0.000436705945688488,0,0.19342396400455,0.256318988961766,0.0841889479043554,0.166579594116327,0.010732892309019,9.70121858588268e-05,0.227867823264147
M2014,38,0,0,0,0.0347724611178265,8.42072002369029e-05,0,0.245383490617012,0.376807773206753,0.0348429345246915,0.140861002582956,0.0253085742778681,0,0.141939556472657
M2025,6,0.121910621377879,0.0248146998301848,0,0.000309141711391092,0.00855670223180665,0.0369231891229117,0.0443515038498373,0.233943091386726,0.000127627312042194,0.122963344119192,0.0365354451939454,0,0.369564633864084
M2025,8,0.101285957290827,0.00867466857681348,0.000139899399247824,0.00307265378391139,0.00855530117572864,0.000482401309780447,0.163452821846368,0.187479386226109,0.000411042551459075,0.0580611694522918,0.0480253501737319,0,0.420359348213731
M2025,0,0.0363800634050307,0.0204467257264839,0,0.000151104122784397,0.0118940097184342,0.0147480862505976,0.0135207321333797,0.124367903014836,0.0126015575566028,0.145108740315875,0.0235497748923042,0,0.597231302863671
M2025,16,0.0173076944375727,0.0191821518069831,0,0,0.00447817803186708,0.00526422780803873,0.0785063060684714,0.0728344036679235,0.00591082850774083,0.409041294143813,0.0203404349663374,0,0.367134480561252
M2025,24,0.0556382421888504,0,0,0,0.00281136806090828,0.00319894370177418,0.354187869865827,0.157905696550881,0.0221785927871595,0.0722777373328004,0.0264503393745322,0,0.305351210137268
M2025,38,0.163748110278525,0,0,0,0.0311161497708133,0.040339550209987,0.046175085417293,0.178739174605155,0.00512509136006703,0.0376145866330071,0.0264541107593252,0,0.470688140965827
M2026,2,0,0,0,0,0,0,0.107768919557111,0.651004612712155,0,0.046615999770976,0,0,0.194610467959758
M2026,4,0,0.00106017660934679,0,0,0.00059830758134886,0.0182000821834573,0.330934463948139,0.485347470356147,0.000771083034821862,0.00914298470096383,0.000266871007508125,0,0.153678560578267
M2026,6,0,0,0,0,8.60290175876323e-05,0.0014653942774898,0.13172022923332,0.711617628626136,0,0.0285433276644212,0,0,0.126567391181045
M2026,0,0,0,0.0022773,0.0386844,0,0,0,0.7185308,0,0,0,0,0.2405075
M2026,24,0,0,0,0.0866856732871761,0,0,0.220138015551581,0.485874316046231,0,0.00997602517171925,0,0,0.197325969943293
M2026,26,0,0,0,0.0524074554998488,0,0,0.164766762991394,0.559604367873859,0,0.016646186853813,0,0,0.206575226781085
M2027,2,0,0.000667929931573092,0,0.0138561662955417,0.000825195533741393,0,0.00967611207323486,0.00439055143192496,0.00170393952973888,0.185250852365833,0.0725936540953114,0.628665706455779,0.082369892287321
M2027,4,0.000479760952062693,0.00604767903025216,0.000674230224918956,0.00347217002795417,0.00148122514800951,0.000193207850545844,0.0213414784773497,0.03254648262375,0.0010336304648625,0.0482645404412518,0.00220664809502631,0.856086430974813,0.0261725156892028
M2027,8,0.000347687787622794,0.00430847285747563,0.00108402298533114,0.00139158493415454,0.00228602635902829,0,0.0285130041590171,0.0289655402423079,0,0.0289276030856249,0.002334906926293,0.876103395427635,0.02573775523551
M2027,0,5.78547379908756e-05,0.00331988384100519,0,0.00749947243970933,0.00177185337861264,0,0.0203135685176992,0.0132768299266327,0.00409197404944457,0.0331912423743085,0.00127571778375564,0.890088276340867,0.0251133266099746
M2027,16,6.49011065482404e-05,0.00644010659199393,0.00833192696906624,0.00131739870531147,0.00495102727096577,0,0.0209345134292161,0.0197635849579445,0.00160502624171547,0.0502233514806411,0.0026702169551276,0.848199332862462,0.0354986134290078
M2027,24,0.000270501975149382,0.0153247451650466,0.00404492057102859,0.00635173123958338,0.000869486030081759,0,0.0317541298700459,0.0454493970015233,0.00181721287050553,0.0767933553506853,0.0131490902350404,0.756338718046954,0.0478367116443556
M2027,26,0.000166225655368128,0.0067804121959392,0.0011850949976344,0.00243211505873379,0.000553939897521119,0,0.0163690768731403,0.0357792532033934,0,0.0530388714654113,0.00247634724692308,0.842069463538916,0.0391491998670195
M2027,36,0.000276719134702524,0.0163078268635741,0.00683116864281403,0.00201123208537873,0.00479734080583597,0,0.0509814806270857,0.0804102926065755,0.00369172542525467,0.0319365200209394,0.00695455195619829,0.665950083567497,0.129851058264144
M2028,0,0.109941273437271,0.0350868721258306,0,5.0388341901276e-05,0.0337433929598878,0.0408565472249513,0.274168531997594,0.145515967698134,0.0128126006126593,0.0982257739937999,0.000193260286333852,0,0.249405391321637
M2028,2,0.0967178836696611,0.0354656610302822,0,0,0.0347830505147561,0.069366861652658,0.397021487030558,0.198232239687285,0.00134365605098088,0.0184213319520525,0,0,0.148647828411767
M2028,6,0.186639603621492,0.0492832936695267,0.0140490176516106,0,0.0240202269191523,0.0474098074237019,0.413717634252658,0.091314964691912,0.0125461122169391,0.0270230974756299,0.000421681420953846,0,0.133574560656424
M2028,24,0.0866366292866583,0.0694077524169105,0,0,0.0373405841407944,0.0365745995328487,0.201302437337078,0.253459320470913,0.00791777553529483,0.0337490304842213,0,0.000403971242031171,0.27320789955325
M2028,26,0.0468555709246263,0.078885239491928,0,0,0.0380580401546763,0.0292508153584881,0.276942778788582,0.325119867644228,0.0389614022247386,0.00823982132293972,0,0,0.157686464089793
M2028,36,0.0669490140739307,0.0440146402410683,0,0,0.0363600377706654,0.143608612868256,0.26028456549954,0.147338876899935,0.075334255724129,0.0101693533214025,0.000128446887835913,0,0.215812196713237
M2039,0,0.0751946318877537,0.00979008104951626,9.27631586324427e-06,0.00647221809658357,0.000651176986092356,0.127237006506367,0.124930261982528,0.236019547134337,0.0111973287472315,0.1652876386771,0.0082015884110884,0,0.235009244205539
M2039,2,0.0378024674802875,0.00977010480212417,0,0.0101433574488958,0.00115736551385506,0.245329023418024,0.121900765409905,0.341092928515867,0.0291073544987682,0.0436755000773829,0.0177022780812878,0,0.142318854753602
M2039,10,0.0762162255448503,0.0510397527373955,0,0.0110417915862967,0.0032279433071574,0.183902164149812,0.239343502694251,0.25339079034292,0.000389307762636248,0.00330028632181223,0.0112020298587014,0,0.166946205694168
M2039,26,0.0973104062693688,0.0258732019486213,0,0.0159715980866406,0.00182266877875657,0.280945996493738,0.209062685133667,0.156048403368516,0.00225005804020639,0.0180582277867023,0.0184938689717308,0,0.174162885122053
M2039,24,0.0299982424588094,0.0128616515490422,0,0.00544324768167184,0.00149786011921526,0.135841825807251,0.0969506096041367,0.133579594300395,0.00930368228990483,0.347008296558862,0.0110098207872287,0,0.216505168843484
M2039,16,0.0423382133009465,0.0298266656279045,0,0.0102341220879683,0.00368841081673478,0.212438230392207,0.137402865171695,0.279612118972084,0.0067289038180749,0.0372753551066734,0.0177558872749827,0,0.222699227430728
M2041,0,0.00129933935451197,0.0221228803216254,0.00957193033711089,0.0157968403510132,0.0457303042637212,0.00160122431457115,0.209302390910825,0.210373786553388,0.00130796750558046,0.0209474452295505,0.0259870880722533,0.0153289136465546,0.420629889139295
M2041,2,0,0.0383182580789275,0,0.00710115191710311,0.0664458544322614,0,0.286266988286379,0.210658668224412,0.00469683833466984,0.0144411482530811,0.0282768490053305,9.94348085307432e-06,0.343784299986983
M2041,8,0,0.32169968907954,0,0.0301132185462376,0.0124487442104152,0,0.0819373041081846,0.127969278261077,0.00293284384888077,0.00474395249397341,0.0122694525398575,0,0.405885516911833
M2041,16,0,0.117819320467627,0,0.080753899373597,0.0381713464842069,0,0.10823053811845,0.177520132298707,0.000620488598066458,0.00244655145161428,0.0402265913153255,0,0.434211131892406
M2041,24,0,0.0358902383364496,0,0.0286530336902003,0.057227759582829,0,0.1694507545222,0.267788303040949,0.00716320828951706,0.00403059558845352,0.0174959271923977,0,0.412300179757003
M2041,36,0,0.0524139591323134,0,0.044150128547918,0.00818201047959934,0,0.0964183173830979,0.126774780975611,0.00141764625745303,0.00233312789626857,0.0130637091493048,0,0.655246320178434
M2042,0,0.011955974618094,0.00869622001151261,0.00868580512730998,0.00623643266053529,0.00210068214367062,0,0.0135973603684286,0.0172831878877396,0.0143409831004964,0.0708276698060946,0.0193873069431971,0.663476136323752,0.163412241009169
M2042,2,0.0127403771162971,0.00844402713764355,0.0137012420234251,0.00881794527836722,0.000599163461783886,0,0.0138226454337592,0.0246074786682319,0.011097122510112,0.0251801362641477,0.0146750871693939,0.763835789289056,0.102478985647783
M2042,4,0.0237033552523893,0.020237714031622,0.0104395302364655,0.00552271114316197,0.00255496401328181,0,0.0279085321657157,0.0707965958062461,0.00888168266746172,0.0148208551926175,0.0185284445371731,0.663313961816744,0.133291653137121
M2042,6,0.0407302252183796,0.0303334805676793,0.0198008594500097,0.0153130687867298,0.000954584440639439,0,0.0703117863219223,0.0806927483983823,0.0315196821243219,0.046306281861725,0.0385828544384675,0.317810039264118,0.307644389127625
M2042,16,0.0249784242159706,0.0199800959294992,0.029901255762442,0.012408851432355,0.00261425966352985,0,0.0233806213614325,0.0718561899184995,0.0178657642585744,0.0519053833405129,0.0400623345072336,0.447216464802764,0.257830354807186
M2042,26,0.0362456406728192,0.0232955327275747,0.0201929966074352,0.0117189390524543,0.0184854451851676,0,0.030186116580864,0.100752058076914,0.101072335175915,0.0728324357666485,0.0529718156152879,0.2351735427392,0.29707314179972
M2042,34,0.0321224664016719,0.0573760367166855,0.124397639480201,0.0232852650363685,0.000152451272945527,0,0.034061162908255,0.0375009789541526,0,0.109843006831829,0.0328632507561255,0.260355922302514,0.288041819339252
M2060,2,0.089164153018705,0.0560242481060487,0,0,0.0123410476357548,0,0.17581137181859,0.0310958868188631,0,0.00186361273769549,0.0796573497548622,0,0.554042330109481
M2060,4,0.0938499714582501,0.0260978014147354,0,0,0.0105439127262208,0,0.326887667687288,0.0103633182934125,0.000314932790128356,0.0042102300513463,0.042431347072727,0,0.485300818505892
M2060,8,0.0500613374618294,0.0386566383815861,0,0,0.0136253593276682,0,0.21091796648513,0.0456222548179915,0.000589368580164909,0.00607688442313287,0.0294332337150565,0,0.605016956807441
M2060,10,0.0539275376530548,0.0184945688043748,0,0,0.0231012917094942,0.00214077362337647,0.28520689555307,0.0265000886611756,0.000237987934966901,0.00775300063460062,0.0240723475192908,0,0.558565507906595
M2060,16,0.0331409521168783,0.0876900491112824,0,0,0.0139764750121347,0,0.212907713663159,0.0346831455414373,0,0.00480369068202351,0.0395094546564538,0,0.573288519216631
M2060,34,0.0351731605578126,0.0221079646616205,0,0.00276393985623004,0.0695154534580576,0,0.232744086160834,0.010914201185535,0.000604922835019559,0.00242233159418441,0.0143882678480924,0,0.609365671842614
M2060,36,0.039299149924256,0.0198940042220989,0,0.00403692986250918,0.0597996159041564,0,0.387063134289344,0.0406245812168063,0.000463686943034276,0.0082614745958153,0.0219922131166336,0,0.418565209925346
M2060,38,0.0871582698458842,0.0410656768001911,0,0.00598228641074842,0.0505704435944893,0,0.181144196512438,0.0626399360695107,0.00112519071116863,0.0218973122736504,0.049438928674956,0,0.498977759106964
M2061,2,0.0683287954787087,0.0276971243722169,0,0,0.0104014664330371,0.0128340121144761,0.0411580891102708,0.151295017698123,0.00507966687859176,0.0459283097755921,0.0300550587702732,0.23685596983395,0.37036648953476
M2061,4,0.0474344779356828,0.0163374240059601,0,0,0.002393898330362,0.00672555440842407,0.0622798721418017,0.160007040284693,0.0150169227708312,0.11686894982532,0.0243933324652406,0.268715955302701,0.279826572528984
M2061,8,0.0949959178528078,0.0202768950697706,0,0,0.00509373266574564,0.00805882318622999,0.0779203367574104,0.162757387759827,0.0235843666059883,0.0669595684969656,0.0208987404428166,0.0507282145636507,0.468726016598787
M2061,10,0.0879812756541213,0.0273192939037337,0,0,0.00946777789810441,0.012346979759294,0.0513620228434282,0.110043789389488,0.0321246862102658,0.0899404676490698,0.0147780939136098,0.101315246202561,0.463320366576324
M2061,34,0.0196402395396904,0.00401675326418449,0,0,0.000311772201263223,0.00297892173319979,0.0183979652959376,0.0308865850234499,0.0268209815763179,0.0945461236733975,0.00317866731299216,0.0494512985400254,0.749770691839542
M2061,36,0.0143422242048775,0.0104140162994565,0,0,0.00144836183936753,0.00128480516388416,0.026100599612887,0.0469458421874944,0.097627363415628,0.0839163367365751,0.00639393931514945,0.118802567035022,0.592723944189658
M2061,38,0.0387479003763426,0.0136408281297232,0,0,0.000638324722879025,0.00543016238393985,0.0219839279128396,0.0500258264715464,0.0350660384833991,0.162703346778099,0.00857874187909102,0.0245389387863711,0.638645964075769
M2064,16,0.00123828868583055,0.0316334898504812,0.0242244113263233,0,0.0143472286985352,0.00151208115907952,0.107031541475455,0.0468440651244789,0.00186478094086639,0.0639560947025393,0.0425073406304058,0,0.664840677406004
M2064,0,0.000240133229650684,0.0178542527762562,0.0108307747851969,0,0.00365502886387056,0.00142846950619223,0.0482156640605548,0.00650717957656108,0.12497857235887,0.100963693196401,0.028436873929815,0,0.656889357716632
M2064,2,0.000886777788913289,0.025763066002208,0.0356388679733002,0,0.0035304269343669,0.000268318846439227,0.0946135905781231,0.0306445720342968,0.190574717713832,0.0977642800649953,0.0464607567117137,0,0.473854625351811
M2064,4,0.00244198708990771,0.110833020196657,0.0357911029907127,0,0.0202455135237923,0.00813915865743279,0.15796446072356,0.0981364356256854,0.0313613266744789,0.0965357863131372,0.0646136875334242,0,0.373937520671212
M2064,6,0,0.0178573757296664,0.0540288262189609,0,0.00328670037841353,0.00411217345582422,0.193470050855326,0.0720768405192737,0.0195580653761233,0.0595433628132983,0.0250649387839115,0,0.551001665869202
M2064,8,0,0.0381331121244446,0.00677869826515632,0,0.00212808140616847,0.000352612482652171,0.0822314446651398,0.0850921183386466,0.00123310981342798,0.067255448829835,0.0771011094096082,0,0.639694264664921
M2064,10,0.00168836405921255,0.0203045848285607,0.0088045653759389,0,0.00212830208254211,0.0060088222271214,0.116070891529093,0.082714153295305,0.0596524835440083,0.121743893575015,0.0508075308200546,0,0.530076408663148
M2064,24,0.0113302602632061,0.0697134685744904,0.0182983481889379,0,0.0572247503197135,0.00237692951816141,0.113702405915564,0.110908087180482,0.00951681848574291,0.00623464382151434,0.10556048767884,0,0.495133800053348
M2069,0,0,0,0,0.0493164117378989,0,0,0,0,0,0.215564046465892,0,0,0.735119541796209
M2069,2,0.0208447523955545,0.00802940375132889,0.000458009014158747,0.00170643379199529,0.00169123805487442,0.00730998057201266,0.0272824026834722,0.0657333160006957,0.000949971003446939,0.0168626382530126,0.0128051390083476,0.0427451336542246,0.793581581816876
M2069,4,0,0,0,0,0,0,0,0,0,0.522601087517451,0,0,0.477398912482548
M2069,6,0,0,4.3044508021294e-05,0,0,0,0,0,0.0591908032906025,0.241052248024457,0,0,0.699713904176919
M2069,8,0,0,2.75327052097547e-05,0,0,0,0,4.28174055284053e-05,0.0248338927601132,0.5090307273088,0,0,0.466065029820349
M2069,16,0,0,0,0.384161113571957,0,0,0,0,0.0447717723361211,0.313759035005774,0,0,0.257308079086148
M2069,24,0,0,0,0.249858408296209,0,0,0,0,0.046617636477721,0.329876914703711,0,0,0.37364704052236
M2069,26,0,0,0,0.275834343655943,0,0,0,0,0.0479041436592072,0.294095779090271,0,0,0.382165733594579
M2069,36,0,0,0,0.583123603677331,0,0,0,0,0,0.0967522019958187,0,0,0.320124194326851
M2077,0,0.0617147680192559,0.000116172613425939,0.000169690334217664,0.0349563092573206,6.08475399620737e-05,0.000112457499599872,0.0360217436575476,0.369094650858623,0,0.00224754345628887,0.0244906327923257,0.00275089117548009,0.468264292795953
M2077,24,0.0486631991259984,0,0,0.0352037820170359,0,0,0.0291120711715373,0.371877327149368,0,0.000178418309282387,0.0286286951452513,0,0.486336507081526
M2077,26,0.0966440933429057,0,3.96426403539571e-05,0.0186056801313418,0,0,0.0571962190046007,0.414977030080856,0,0.0121132092420682,0.0391382359146708,0,0.361285889643203
M2077,16,0.0666793257558877,0,7.76214381374711e-05,0.0996685373801449,0,0,0.0281594109366297,0.51464499639457,0,0.00167945479023183,0.0217640270122605,0,0.267326626292138
M2077,36,0.0387423765589909,0,0,0.00148022121902027,0,0,0.030765628878715,0.514530603052066,0,0.0743865371875408,0.129968066620592,0,0.210126566483074
M2077,38,0.0289982798020387,0,0,0.00399107185472621,0,0,0.066186075523344,0.560051527241646,0,0.0201822524751033,0.0310588175654993,0,0.289531975537642
M2084,16,0.0348128597845817,0.0129149854353105,0.122003315265554,7.73583391486018e-05,0,0.035933698546124,0.0849845642255825,0.0763917884873005,0.04041116064402,0.19341845536397,0.0019676018561287,0,0.397084212052279
M2084,0,0.026229826281286,0.00495002175551436,0.106530291141068,0,0,0.0887014481546297,0.197853684267897,0.21748502627234,5.28902294015476e-05,0.0429669141895822,0.00269770392936122,0,0.31253219377892
M2084,2,0.0890844196261309,0.00477734558091489,0.198185110259077,0,0,0.0177103184374575,0.118070879498986,0.0655240219825448,0.0114469415007248,0.0454572896183594,0.0031025139160592,0,0.446641159579745
M2084,6,0.0870861617731251,0.00584485155802732,0.20352488345465,0,0,0.0279708841089392,0.115626686840599,0.0800762656416128,0.0185678212153431,0.0458430113682833,0.00480851803385949,0,0.410650916005561
M2084,8,0.0793264529233025,0.0036274814772195,0.165544289908886,0,0,0.0387814066267355,0.139089899983498,0.073831540002242,0.0129993043284554,0.0575726406524687,0.00734172959555771,0,0.421885254501635
M2084,10,0.15454350587686,0.00353444487001285,0.104952439268573,0,0,0.0159707930831933,0.145844739905236,0.045762820294462,0.0160513833696543,0.0271063766856455,0.00210562894071961,0,0.484127867705644
P6005,0,0.00965625063657289,0.0295666211729238,0.052729930129759,0,0.00612546087877615,0.000238842150292314,0.160034018455521,0.260035648082133,0.000172740420851073,0.225535026786987,0.0222770976350044,0.000778350410462203,0.232850013240716
P6005,2,0.0256999465984125,0.042169134615365,0.122632073241814,0,0.00294696141302677,0,0.194571829410532,0.4309847085786,0.000728545866425996,0.0221636946976479,0.00528457874942562,0,0.15281852682875
P6005,4,0.0450190638326493,0.0156867930724604,0.140629784251844,0,0.000838758815478665,0,0.23274514000453,0.170308934353863,0.0167601261885184,0.129353506999967,0.00840450656673109,0,0.240253385913959
P6005,8,0.0581886809147079,0.0406110611654144,0.168067886638627,0,0.0113919458920735,0,0.139543626374665,0.237227924178036,0.0195199113709372,0.110256801421737,0.00666275709038214,0,0.20852940495342
P6005,10,0.0700955139511493,0.0276292075011152,0.0778468392277413,0,0.090888529631537,4.21543038024195e-05,0.1612731450941,0.226558711115948,0,0.0960850608997958,0.0116458357526458,0,0.237935002522165
P6005,16,0.0462453629577186,0.0213995949608618,0.0246537990801379,0,0.0691975128975615,0,0.378453734676349,0.179904001284002,0.000123328571961051,0.100468689309562,0.0120752013025778,0,0.167478774959269
P6005,24,0.0651596367514486,0.0364728847288432,0.0352360198146288,0,0.082987905566268,0,0.197269387532414,0.200627129322284,0.00451769634265324,0.164132807227176,0.0196640591988297,0,0.193932473515455
P6005,26,0.0648207501719976,0.0181733865115394,0.0547040287548799,0,0.0264703691918829,0,0.305374533361036,0.281630373011418,0.0117536210132955,0.0408364782523916,0.0102163301207552,0,0.186020129610804
P6005,34,0.00485427635013501,7.56409846128782e-05,0.108275974947103,0,0.0955282062753356,0,0.320816474390947,0.22494023338584,0,0.0870906807182187,0.0235931989057271,0,0.134825314042081
P6010,0,0.0439965039309766,0,0.0230090845369579,0.0768730992175665,0.0112035485740893,9.23440850662106e-05,0.128200502920094,0.264385517646124,0,0.0186206895171755,0.0152595849258436,0,0.418359124646106
P6010,2,0.054677929957515,0,0.0405221288840566,0.0562493401588222,0.0134462998108163,0,0.302962643107355,0.176305760019454,0.000991700636499687,0.0657674647138203,0.0119601498458661,0,0.277116582865795
P6010,6,0.0442471822836663,0,0.00866574329261486,0.0451999012923373,0.00289878047163089,0,0.107359934484512,0.194497747487377,0.00293825518228283,0.194816991377491,0.0108797732940215,0,0.388495690834066
P6010,4,0.0481267188346455,0,0.00453974230743066,0.0350913033141191,0.00819630330259715,0.00233885247345371,0.105643513556758,0.292808219006523,0.0350303873483951,0.151979723800198,0.0073989854485985,0,0.308846250607281
P6010,10,0.0495838097126536,0,0.00693031713151444,0.0340941691171197,0.0064587543401496,0,0.138168108812771,0.366120359784163,0.00940446608249554,0.048769253810683,0.0265204762246288,0,0.313950284983821
P6010,34,0.00259766443215856,0,0.00591057413934302,0.0208288184642088,0.0159102071161104,0,0.0825010223147125,0.544014236101145,0.0266516870517904,0.250344546809813,0.0109074904441451,0,0.0403337531265729
P6012,0,0,0.00328529934294013,0,0.0535908892818221,0.00410169917966016,0,0.0050442989911402,0.322216535556693,0.103771479245704,0.169878666024267,0.00180879963824007,0,0.336302332739534
P6012,2,0,0.0590913471190524,0,0.0895412567757478,0.00463390885364385,0,0.0464125677574784,0.416752258582614,0.0057814695844208,0.0234842401124272,0.035055510941578,0,0.319247440273038
P6012,4,0,0.0127202597125126,0,0.0637331313098174,0.0163225545225434,0,0.00624215055019667,0.59501810249666,0.0114058332089691,0.020549504496917,0.00911796490248178,0,0.264890498799902
P6012,6,0,0.0894980705182108,0,0.0442118448704248,0.0188911869950986,0,0.0219785179890474,0.444916242335467,0.00378210056604404,0.0304940990624114,0.00239986741130379,0,0.343828070251993
P6012,8,0,0.066929793532292,0,0.0274524558941199,0.0351563837192054,0,0.0986774792109957,0.423562286136854,0.0171122547173758,0.0339733738193173,0.00775367449741347,0,0.289382298472427
P6012,10,0,0.0355567520574091,0,0.0275137405330716,0.0118774413707688,0,0.0329817896404745,0.528074968280284,0.0513727603635196,0.0805068900365462,0.00563352584829882,0,0.226482131869628
P6013,0,0.0034350031950526,0.0991400162111394,0.0264011056168596,0,0.037660020671347,0.0234796696015405,0.0302624017360501,0.290735312407526,0.0165287147311224,0.131550929996183,0.0347476980610963,0.162625068082497,0.143434059689587
P6013,2,0,0.0525250985228254,0,0.00135625511521866,0.328172020808117,0,0,0.262679014520643,0,0.0337463123656513,0.0307973053370745,0,0.29072399333047
P6013,4,0,0.0356564964343504,0,0.000282399971760003,0.160309583969042,0,0,0.509795049020495,0.0106951989304801,0.0382834961716504,0.0282185971781403,0,0.216759178324082
P6013,6,0,0.0652671373992359,0,0.000739503530494269,0.0822742183905747,0,0,0.312377432840598,0.0200044006160863,0.0285331946472506,0.0161789650551077,0,0.474625147520653
P6013,8,0,0.0355628442310761,0,0.000191911404570353,0.111394864718969,0,0,0.32837322065459,0.00843269517955173,0.016204406658065,0.0174667394422462,0,0.482373317710931
P6013,10,0.000555863701980247,0.0425380748633793,0.00134885457873472,0.000939907713423958,0.166409970582629,0,0.00238627346693931,0.409567236405292,0.0132712208819131,0.00723812948963951,0.0240777593112171,0,0.331666709004852
P6013,36,0,0.100840391684663,0,0.00098556172110326,0.116624503187751,0,0,0.500700910663037,0.000327318669163156,0.0462886489931946,0.0248963507574102,0,0.209336314323677
P6013,38,0,0.0686414442415302,0,0.000526352168411888,0.0426158202336295,0,0,0.376757620628124,0.0555167498923939,0.0996886199800362,0.0144367736712684,0,0.341816619184606
P6013,26,0,0.0256830344925958,0,0.000441539844162879,0.230714986030593,0,0,0.326013067495896,0.00258543215011073,0.0551330809905077,0.0389495638892528,0,0.320479295106881
P6013,16,0,0.0617696612777636,0,0.00222354137296253,0.151909954125894,0,0,0.390344483379951,0.0272068005499092,0.0203503395423992,0.0198851472017195,0,0.326310072549401
P6016,0,0.113397985361977,0.0170838997426432,0,0.00325836915603453,0.0145613272671255,0.174696162615923,0.0442941102369534,0.186600851043163,0,0.045748603812645,0.15061480811056,0,0.249743882652976
P6016,26,0.0717275958418211,0.0328840787592245,0.0108434186453089,0.00990877497961051,0.0206854114816476,0.206615067419841,0.21439477865753,0.101903117490519,0.00147175998620244,0.00564441858026269,0.0207755775864014,0,0.303146000571631
P6016,34,0.00615111474776987,0.462487203579495,0,0.0788502408020599,0.0014897497647988,0.0441624182567318,0.0852244867806038,0.144988927250687,0.03080957490941,0.00268891702258423,0,0,0.14314736688586
P6016,36,0,0.0300138032735731,0.000155010024082673,0.0556324201695848,0.00450226766621337,0.100380062738108,0.260297423082216,0.183895681995065,0.118981568974455,0.0225677607664472,0,0,0.223574001310254
P6016,16,0.0773685151802431,0.0731410803245331,0,0.0169511000394086,0.0232256743917114,0.293151072289811,0.0567583722276121,0.155875502433893,0,0.0852883346706951,0.023893774963427,0,0.194346573478665
P6016,24,0.0412922317759172,0.0220524690303993,0,0.00642453734934047,0.0152031580897021,0.21953452287349,0.222324428589623,0.0530579279084184,0,0.0559443593803549,0,0,0.364166365002754
P6016,2,0.0431001473480075,0.0454113761998058,0,0.00603235458816101,0.0152628832924503,0.158080487868186,0.375338615701386,0.227540897975741,0,0.0416060429786149,0.0190442722109062,0,0.0685829218367413
P6016,4,0.0427845163387654,0.0256423503426651,0,7.72432751269504e-05,0.0217819993359294,0.114247033661854,0.20938305383252,0.337948996678338,0,0.0233956486154067,0.0129559228924797,2.01416623538332e-06,0.211781220860679
P6016,8,0.103336062510979,0.00639689996541074,0,0.0891882712031247,0.00747804065032635,0.192422316530547,0.0448577806010804,0.361487124807661,0,0.0449354504883645,0.024514809695697,0,0.12538324354681
P6016,10,0.0940412939117209,0.0169264326912545,0,0.0137668760087374,0.0158943948815554,0.284444106907048,0.090700087001986,0.272937422633329,0,0.0557415111067025,0.0275936821265683,0,0.127954192731098
P6016,38,0,0.0206677534518523,0,0.0162080060513488,0.00195621333421968,0.084234916826688,0.389480846040612,0.19053811982134,0.0674096893093677,0.0355317315590231,0,2.5381822686817e-05,0.193947341782862
P6018,0,0,0,0,0,0,0,0,0,0,0,0,0,1
P6018,26,0,0,0,0,0,0,0,0,0,0.468315879103715,0,0,0.531684120896285
P6018,34,1.72478984675087e-05,6.6822696457953e-05,0.000297655349600959,0,0,0,0.000669156492041851,0,0.113631530563018,0.178177607704089,0,0,0.707139979296325
P6018,36,0,0,0,0,0,0,0,0.000162128061689017,0.0740618842202726,0.274872605694205,0,0,0.650903382023833
P6018,16,0,0,0,0,0,0,0,0,0,0,0,0,1
P6018,24,0,0,0,0,0,0,0,0,0,0.584788185354377,0,0,0.415211814645623
P6018,2,0,0,0,0,0,0,0,0,0,0,0,0,1
P6018,4,0,0,0,0,0,0,0,0,0,0,0,0,1
P6018,6,0,0,0,0,0,0,0,2.20305656642679e-05,0,0,0,0,0.999977969434336
P6018,8,4.87485035159067e-05,0,0.00030810742481915,0,0.000361076577990114,0.00875784803424297,0.00567498000994807,0.0268576820149888,0.0102820301409254,0.0210358233970447,0.000711812564325339,0,0.9259618913322
P6018,10,0,0,0,0,0,0,0,0,0,0,0,0,1
P6018,38,0,0,0,0,0,0,0,0,0.222578791764257,0.262218437372209,0,0,0.515202770863534
P6025,16,0.0345671517141124,0.0690769918554388,0.036408342398891,0.00323216211142453,0.0236529824882308,0.158690931474012,0.080911004303332,0.162429872295977,0.0291577515331222,0.158176932407844,0.0185478902120859,0,0.22514798720553
P6025,2,0.0272798442274171,0.0186167682394229,0.0248060300616729,0.000292300706100786,0.0340070572021801,0.368807745809119,0.0467320204067878,0.185865315053143,0.000989722088443736,0.0141748041701895,0.0130690702517309,0,0.265359321783793
P6025,4,0.0198287763870202,0.018819608628396,0.010216389081128,0.00272878118811997,0.0243946222998205,0.167388939437053,0.0979056665858677,0.221363606024092,0,0.214833641891821,0.0155597789620491,0,0.206960189514632
P6025,8,0,0,0.000178902535560508,0,0,0.229183859046827,0.380195219007438,0,0,0,0,0,0.390442019410174
P6025,10,0.0261285571692076,0.0111960563495238,0.0406962882089357,0.00040655758233385,0.0703343219852197,0.178750049963677,0.0519242095047544,0.20878863170523,0.00511642025839117,0.0808370362357548,0.0328900751593457,0,0.292931795877626
P6025,38,0,0.0113298016064,0.00179549645695998,0.00147143124277696,0.00667771407901323,0.444305561090453,0.0224924249756185,0.15230725673979,0,0.176436648972998,0,0,0.18318366483599
P6028,4,0.0345203754178288,0.0166684085912378,0,0.00396610452402852,0.0018416876803454,0,0.0531885061053817,0.0554218252218322,0.0150894901410542,0.0500600607549658,0.0142225490874527,0.666291193271704,0.0887297992041689
P6028,6,0,0,0,0,0,0,0,0,0,0,0,0,1
P6028,8,0.0159642991091084,0,0,0,0,0,0.000428323721415643,0.0139484235911429,0,0,0,0,0.969658953578333
P6028,10,0,0,0,0,0,0,0,0,0,0,0,0,1
P6028,0,0.0151459305798672,0.0159766504126032,0.00924287061348671,0.00515710524853436,0.00238373395432191,0.0130117164707844,0.0363851813647856,0.121513668347642,0.00571942030646551,0.0201104963740935,0.0158721320955239,0.240342312140535,0.499138782091356
P6033,4,0.0279675072266123,0.11224062440891,0.248390310182934,0.0138920799890132,0,0,0.134219988491034,0,0,0.0126713654108664,0.0484387826742952,0,0.402179341616334
P6033,10,0.0616316623634626,0.0823603903615844,0.248003737159152,0.00264996007424217,0,0,0.277248690927138,4.97005292605353e-05,0.0117931540126213,0.0497815932286235,0.0266331709148094,4.25861389833216e-05,0.239805354290123
P6033,8,0.0469101382027641,0.104848396967939,0.205933718674373,0.00218204364087282,0,0,0.358702174043481,0,0.000148902978059561,0.0269678393567871,0.0206442128842577,0,0.233662573251465
P6033,24,0.0428138961360658,0.0329595162296975,0.205457841229515,0.0199566668513032,0,0,0.26088314403419,0,0,0.0980530933740108,0.0285689072888776,0,0.311306934856341
P6033,26,0.0535145,0.0302074,0.2122283,0.0124464,0,0,0.3001244,3.88e-05,0,0.0849901,0.0159092,0,0.2905409
P6033,34,0.0229498395081497,0.0495099830201593,0.250735147990259,0.0175792410070205,0,0,0.232655023185379,0,1.58026437823048e-05,0.0763887798428677,0.0238881964952737,0,0.326277986307109
P6033,36,0.0729077159123092,0.0186887728173837,0.243331084582014,0.00827884435905358,0,0,0.306567258985351,0,0,0.0351568534216421,0.0255915141216755,0,0.289477955800572
P6033,38,0.0554615939901349,0.0313822507642921,0.269010298910565,0.00943778994122617,0,0,0.240692624484837,0.000154164817606503,0,0.0596216414969244,0.0219339495855019,2.32248296653953e-05,0.312282461179247
P6035,2,0,0.058152894735727,0,0,0.00947397222792257,0.00623567220982271,0.0140414109330788,0.0696707178458712,0.00178809207155758,0.0550712785176119,0.0108950226611386,0.635584152114646,0.139086786682624
P6035,4,0,0.0831079622678332,0,0,0.00969863328312455,0.0103663458343344,0.0287424168409275,0.0973543466855998,0.000955504027112944,0.0336945089446943,0.0248235284264214,0.603127078402895,0.108129675287057
P6035,6,0,0.0340471601742777,0,0,0.00387678694153578,0.00956445272816862,0.0209993884533468,0.0559841058279772,0.00329977445064001,0.032692978006672,0.014008083209007,0.715004056505541,0.110523213702833
P6035,8,0,0.0252902444869266,0,0,0.00738946584810125,0.0134827068581402,0.022033010043784,0.0760079288062619,0.00903801958217489,0.0971876360277789,0.0141129416992096,0.616819024474806,0.118639022172817
P6035,10,0,0.0343934580360078,0,0,0.0110614488143933,0.0166567349900933,0.0319842926199005,0.0716673874302916,0.0068256332060247,0.129401711173695,0.0175335270823787,0.524951588737811,0.155524217909404
P6035,36,0,0.00204720314145024,0,0,0.0023330858553249,0.00914496672679873,0.015350025918051,0.0361066074988194,0.021765012609488,0.0844776756761577,0.0117567600396443,0.736587216419775,0.0804314461144911
P6035,34,0,0.0425145584903856,0,0,0.00239777241062286,0.0132332651896465,0.025894053620895,0.0783843634408419,0.0777043291989728,0.261789475315506,0.0132168441998036,0.0591297265381772,0.425735611595148
P6035,38,0,0.0174829435078483,0,0,0.00360947594699798,0.0145368363370297,0.0259107470115601,0.092448197355231,0.100285113192374,0.064856534265757,0.0214924193715346,0.443702068481735,0.215675664529932
