subject_id,time,Actinobacteria,Alphaproteobacteria,Bacilli,Bacteroidia,Betaproteobacteria,Clostridia,Cyanobacteria,Epsilonproteobacteria,Erysipelotrichi,Flavobacteria,Fusobacteria,Gammaproteobacteria,Unclassified
3,41,0.002497618,0.0000846,0.038825029,0,0.0000282,0,0,0,0,0,0,0.958157228,0.000407312
3,42,0.00284777,0.0000706,0,0,0.0000235,0,0,0,0,0,0,0.996519103,0.000539019
3,43,0.003073539,0.0000574,0,0,0.0000191,0,0,0,0,0,0,0.996166409,0.000683563
3,44,0.003201594,0.0000455,0,0,0.0000152,0,0,0,0,0,0,0.995895256,0.000842476
3,45,0.003240619,0.0000349,0,0,0.0000116,0,0,0,0,0,0,0.995698429,0.001014371
3,46,0.003199247,0.0000256,0,0,0.00000853,0,0,0,0,0,0,0.995568763,0.001197865
3,47,0.003086075,0.0000174,0,0,0.0000058,0,0,0,0,0,0,0.995499129,0.001391572
3,48,0.00290967,0.0000103,0,0,0.00000345,0,0,0,0,0,0,0.995482423,0.00159411
3,49,0.002678584,0.00000432,0,0,0.00000144,0,0,0,0,0,0,0.995511565,0.00180409
3,50,0.002415094,0,0.069795834,0,0,0.03645618,0,0,0,0,0,0.889301217,0.002031676
7,41,0.001318934,0,0.171602272,0,0,0.322695153,0,0,0,0,0,0.503569898,0.000813744
7,42,0.013343864,0,0.616174491,0,0.0000131,0.088369011,0,0.000000772,0,0.00000453,0,0.281174252,0.000919944
7,43,0.00388642,0.00000668,0.008393455,0,0.0000428,0.1728662,0.00000223,0.00000822,0,0.0000203,0,0.813765631,0.001005766
7,44,0.000848721,0.0000139,0.163893601,0.000231452,0.0000718,0.153709959,0.00000464,0.0000153,0,0.0000357,0,0.680046681,0.00112364
7,45,0.001468252,0.0000198,0.092710534,0.000633158,0.0000951,0.187235382,0.00000661,0.0000208,0,0.000048,0,0.716521086,0.001234622
7,46,0.000950962,0.0000212,0.091196175,0.000924449,0.0000982,0.268025742,0.00000706,0.0000216,0,0.0000497,0,0.637483971,0.001213887
7,47,0.000235542,0.0000218,0.090951998,0.001206985,0.0000995,0.283723717,0.00000725,0.0000215,0,0.00005,0,0.62233116,0.00134332
7,48,0,0.0000272,0.039886805,0.002010613,0.000124907,0,0.00000908,0.0000257,0,0.0000608,0,0.955533007,0.002312778
7,49,0.001004205,0.00000805,0,0.001526608,0.0000421,0,0.00000268,0.00000495,0,0.000015,0.00048375,0.994376681,0.002533316
7,50,0.005292959,0,0.052985381,0,0,0,0,0,0,0,0.001301317,0.938206532,0.002213811
8,41,0.000407815,0.0000632,0.014105888,0.000233981,0.0000935,0.00199693,0.00000413,0,0.0000647,0.0000589,0.0000327,0.982521431,0.000416863
8,42,0.000292935,0.0000768,0.004095196,0.000238414,0.000161283,0,0.00000776,0,0.0000455,0.0000667,0.0000175,0.994638432,0.000359396
8,43,0.000197536,0.0000923,0.017344058,0.000236364,0.000237942,0,0.0000118,0,0.0000285,0.0000797,0.00000524,0.981454367,0.000312179
8,44,0.000117783,0.000107546,0.016383029,0.000225453,0.000316252,0.034789091,0.0000158,0,0.0000132,0.0000955,0,0.947666065,0.000270294
8,45,0.0000571,0.000126703,0.0020764,0.000216493,0.000407802,0.128290956,0.0000204,0.000000346,0.000000114,0.000117286,0,0.868441528,0.000244917
8,46,0.00000845,0.000141819,0.011770697,0.000196495,0.000486931,0.103168752,0.0000243,0.00000163,0,0.000137248,0,0.883844382,0.000219254
8,47,0,0.000154618,0.012407261,0.000172407,0.000556936,0.086845354,0.0000278,0.00000315,0,0.000156197,0,0.899476571,0.00019972
8,48,0,0.000167551,0.01029285,0.000148596,0.000626011,0.11703789,0.0000312,0.00000494,0,0.000176114,0,0.871325295,0.000189586
8,49,0,0.00017934,0.023320306,0.000124191,0.000689505,0.169400958,0.0000342,0.00000704,0,0.000195418,0,0.805862235,0.000186756
8,50,0,0.000183687,0.030494224,0.0000965,0.000722531,0.272466731,0.0000358,0.00000923,0,0.000206774,0,0.695599571,0.000184995
9,41,0,0.000076,0.108316308,0.000212058,0.000230072,0,0.000181104,0.000131434,0,0.0000453,0.003317937,0.886373848,0.001115971
9,42,0,0.0000694,0,0.000292859,0.00020205,0.004753236,0.00015709,0.000169121,0,0.0000393,0,0.992925265,0.001391704
9,43,0,0.0000627,0,0.000366007,0.000174463,0.013900146,0.00013356,0.000199363,0,0.0000334,0,0.983490596,0.00163981
9,44,0,0.0000563,0,0.000432875,0.000148843,0.02419357,0.00011172,0.000223374,0,0.0000279,0,0.97293779,0.001867608
9,45,0,0.0000503,0,0.000493603,0.000125215,0.035324152,0.0000916,0.000241592,0,0.0000229,0,0.961574957,0.002075697
9,46,0,0.0000447,0,0.000548426,0.000103565,0.047000846,0.0000731,0.000254492,0,0.0000183,0,0.949691553,0.002264983
9,47,0,0.0000395,0,0.000597648,0.0000838,0.058954216,0.0000564,0.000262569,0,0.0000141,0,0.937555162,0.002436609
9,48,0,0.0000347,0,0.000641627,0.000066,0.070937969,0.0000412,0.000266319,0,0.0000103,0,0.925410056,0.002591886
9,49,0,0.0000302,0,0.000680757,0.0000499,0.082728993,0.0000275,0.000266228,0,0.00000688,0,0.913477227,0.002732244
9,50,0,0.0000262,0,0.000715453,0.0000356,0.09412623,0.0000153,0.00026276,0,0.00000382,0,0.90195557,0.002859184
10,41,0.003352539,0.0000225,0.308806031,0.019784324,0.000107761,0.000519976,0,0,0.0000147,0.00000613,0,0.665806521,0.001579449
10,42,0.008728241,0.000022,0.182389663,0.001695343,0.000107058,0.00561504,0,0,0.0000144,0.00000554,0,0.799876352,0.001546351
10,43,0.016002324,0.0000229,0.237069207,0.004468484,0.000113291,0.00925455,0,0,0.0000151,0.00000534,0.000000271,0.731429992,0.00161859
10,44,0.021837569,0.0000232,0.36064144,0,0.000116598,0.00894361,0,0,0.0000153,0.00000501,0.000000674,0.606763375,0.001653205
10,45,0.023818731,0.0000219,0.33447795,0,0.00011155,0.004849546,0,0,0.0000145,0.00000438,0.00000103,0.635126088,0.001574356
10,46,0.026701359,0.0000225,0.26926128,0,0.000115998,0.000595507,0,0,0.0000148,0.00000417,0.00000147,0.70164882,0.001634044
10,47,0.030258418,0.0000235,0.196203638,0.193587538,0.000122405,0,0,0,0.0000155,0.00000402,0.00000199,0.578057641,0.001725394
10,48,0.034459167,0.000024,0.166237423,0.36086676,0.000126338,0.0000956,0,0,0.0000158,0.00000379,0.00000251,0.43638249,0.001786127
10,49,0.038115548,0.0000239,0.184287015,0.334239366,0.000126706,0.009755849,0,0,0.0000156,0.00000347,0.00000299,0.431629004,0.001800593
10,50,0.039598292,0.0000234,0.21472093,0.201186898,0.000125155,0.02927131,0,0,0.0000152,0.00000312,0.00000343,0.513260834,0.001791448
11,41,0.015183474,0.000218964,0.261303413,0.048444375,0.004638099,0.039261068,0,0,0,0,0.000564101,0.580839089,0.049547417
11,42,0.015893037,0.000190679,0.242012236,0.049614957,0.004490764,0.039054845,0,0,0,0,0.000546187,0.605457465,0.042739829
11,43,0.016579165,0.000163358,0.22444458,0.050669685,0.004344085,0.03876286,0,0,0,0,0.000528383,0.628149774,0.03635811
11,44,0.017235774,0.000137012,0.208915671,0.051596658,0.004197953,0.038384989,0,0,0,0,0.000510674,0.648624293,0.030396977
11,45,0.017856603,0.000111661,0.195744055,0.052383897,0.00405229,0.037921416,0,0,0,0,0.00049305,0.666585606,0.024851422
11,46,0.018435265,0.0000873,0.18524884,0.053019481,0.003907053,0.037372685,0,0,0,0,0.000475506,0.681737354,0.019716492
11,47,0.0189653,0.000064,0.177746487,0.053491697,0.003762231,0.036739758,0,0,0,0,0.000458039,0.693785396,0.014987068
11,48,0.019440239,0.0000418,0.173547195,0.053789209,0.003617845,0.036024062,0,0,0,0,0.000440651,0.702441363,0.010657649
11,49,0.01985368,0.0000206,0.172950924,0.053901235,0.00347395,0.035227534,0,0,0,0,0.000423347,0.70742655,0.00672214
11,50,0.020199366,0.000000612,0.176243112,0.053817739,0.003330634,0.034352661,0,0,0,0,0.000406136,0.708476081,0.003173658
12,41,0.083700334,0.000422354,0.083384357,0,0.000387047,0,0,0,0,0,0.000125567,0.830890212,0.001090129
12,42,0.068457826,0.00038483,0.073880151,0,0.000344245,0,0,0,0,0,0.00011211,0.855719602,0.001101236
12,43,0.054473752,0.000350106,0.066494543,0,0.000304394,0,0,0,0,0,0.0000996,0.877161245,0.001116379
12,44,0.041998794,0.000317944,0.061081042,0,0.000267168,0,0,0,0,0,0.0000879,0.895110864,0.001136309
12,45,0.03130611,0.000288101,0.05752837,0,0.000232229,0,0,0,0,0,0.0000769,0.909406336,0.001161956
12,46,0.022674227,0.000259891,0.05567108,0,0.000198883,0.001702765,0,0,0,0,0.0000664,0.918234263,0.001192472
12,47,0.016038685,0.000228053,0.054248403,0,0.000163224,0.026738332,0,0,0,0,0.0000551,0.901326089,0.001202083
12,48,0.01181299,0.000197702,0.054097601,0,0.000129363,0.056326773,0,0,0,0,0.0000444,0.876179642,0.001211538
12,49,0.009765211,0.000168803,0.055017073,0,0.0000973,0.089332378,0,0,0,0,0.0000342,0.844364269,0.001220814
12,50,0.009663615,0.000141325,0.056805037,0,0.0000669,0.124615819,0,0,0,0,0.0000245,0.807452916,0.001229888
13,41,0.003637303,0.0000342,0.074503454,0.000832245,0.0000663,0.000180277,0.00000534,0,0.00000397,0,0,0.920113551,0.000623385
13,42,0.002988939,5.84E-08,0.030917318,0.000968744,0.0000625,0.0000432,0.00000661,0,0.00000315,0,0,0.964389956,0.000619599
13,43,0.009603719,0,0.052063747,0.001035485,0.0000595,0.0000627,0.0000074,0,0.00000231,0,0,0.936562459,0.000602712
13,44,0.155126574,0,0.033022751,0.001084574,0.00006,0.000263199,0.00000808,0,0.00000159,0,0,0.809830729,0.00060253
13,45,0.1718101,0,0.108738672,0.001106508,0.0000626,0.000462451,0.00000856,0,0.000000936,0.00000385,0.000000131,0.71719617,0.000609981
13,46,0.079843911,0,0.055257461,0.001020805,0.000062,0.000281503,0.00000819,0,0.000000322,0.0000155,0.00000131,0.862931299,0.00057768
13,47,0,0.00000789,0,0.001004203,0.0000679,0,0.00000837,0,0,0.0000303,0.00000273,0.998276625,0.000601961
13,48,0,0.0000357,0.002267224,0.000926337,0.0000718,0,0.00000803,0,0,0.0000453,0.0000042,0.996035014,0.000606453
13,49,0.040657485,0.0000732,0.150271738,0.000881282,0.00008,0,0.00000797,0,0,0.0000635,0.00000607,0.807308443,0.000650302
13,50,0.022987106,0.000109247,0.185228046,0.000740441,0.0000804,0,0.00000701,0,0,0.0000748,0.00000744,0.790124512,0.000637483
15,41,0,0.0000115,0.126692433,0.000216361,0.000078,0.254603683,0.0000461,0.000000485,0,0.0000461,0.0000577,0.615400069,0.002847579
15,42,0,0.0000118,0.151786686,0.000203625,0.0000765,0.249554315,0.000047,0.00000156,0,0.000047,0.0000588,0.595418447,0.002794182
15,43,0,0.0000119,0.168496561,0.000190963,0.0000749,0.250641013,0.0000477,0.00000271,0,0.0000477,0.0000597,0.577680573,0.002746233
15,44,0,0.000012,0.177792687,0.000178285,0.000073,0.25707691,0.0000482,0.00000395,0,0.0000482,0.0000602,0.562003509,0.002703106
15,45,0,0.0000121,0.180562442,0.000165507,0.0000708,0.268127097,0.0000483,0.00000529,0,0.0000483,0.0000604,0.548235532,0.002664253
15,46,0,0.000012,0.177634784,0.000152557,0.0000684,0.283089521,0.0000481,0.00000673,0,0.0000481,0.0000601,0.536250422,0.002629191
15,47,0,0.0000119,0.169800897,0.000139366,0.0000656,0.301279044,0.0000476,0.00000828,0,0.0000476,0.0000595,0.525942767,0.002597485
15,48,0,0.0000117,0.157831486,0.000125876,0.0000624,0.322014126,0.0000467,0.00000994,0,0.0000467,0.0000584,0.517223998,0.002568741
15,49,0,0.0000113,0.142491257,0.000112032,0.0000589,0.344605755,0.0000454,0.0000117,0,0.0000454,0.0000567,0.510018988,0.002542597
15,50,0,0.0000109,0.124550914,0.0000978,0.0000548,0.368348472,0.0000436,0.0000136,0,0.0000436,0.0000545,0.504263027,0.002518713
16,41,0.009464422,0,0.150072479,0.000560687,0.005310443,0.054860851,0.00049101,0.000382451,0,0.002543871,0.000301682,0.774991737,0.000529358
16,42,0.003846122,0,0.153577855,0.000505533,0.0047211,0.017145187,0.000428063,0.000340104,0,0.002228803,0.000281763,0.81591487,0.000582535
16,43,0,0,0.153667567,0.000451835,0.004150635,0,0.000367727,0.00029944,0,0.001926124,0.000261556,0.837863132,0.000644258
16,44,0,0.002928392,0.15088915,0.00039938,0.003598075,0,0.000310018,0.000260351,0,0.001635778,0.000240833,0.838718558,0.000709448
16,45,0,0.005986274,0.148855287,0.000356595,0.003138921,0,0.000261368,0.000228279,0,0.001391815,0.000224761,0.83850435,0.000790983
16,46,0,0.008352659,0.147546631,0.000321131,0.002748673,0,0.000219241,0.00020148,0,0.001181438,0.000212387,0.838107851,0.000889269
16,47,0,0.009964474,0.143859603,0.000285129,0.002358256,0.020413923,0.000177884,0.000174915,0,0.000974026,0.000198764,0.820430777,0.000984364
16,48,0,0.010983193,0.139659503,0.000252277,0.001999284,0.048201208,0.00013982,0.000150888,0,0.000783162,0.000186335,0.796420392,0.001084119
16,49,0.002669296,0.011455047,0.134681649,0.000221546,0.00166281,0.082071964,0.000104304,0.000128736,0,0.000604886,0.000174455,0.764937159,0.001183845
16,50,0.00665056,0.011461761,0.129228146,0.000193059,0.001349416,0.120931043,0.0000713,0.000108502,0,0.000439201,0.000163273,0.728049604,0.001282796
17,41,0.000737672,0.00000495,0,0.611078864,0.0000623,0.003866743,0,0,0,0.000017,0,0.383946336,0.000286094
17,42,0.000885564,0.00000941,0.127829436,0.264378109,0.000181356,0.005421404,0,0,0,0.0000193,0,0.600938211,0.000337182
17,43,0.000890257,0.0000135,0,0.776864489,0.000284003,0.006378426,0,0,0,0.0000185,0,0.215207773,0.000343024
17,44,0.00105063,0.0000208,0.013931635,0.799779282,0.000448002,0.008878248,0,0,0,0.000021,0,0.175452895,0.000417541
17,45,0.001141629,0.0000278,0.218528268,0.340710799,0.00060297,0.011532301,0,0,0,0.0000219,0.0000294,0.426930455,0.000474529
17,46,0.001124743,0.0000322,0.196642145,0.370828167,0.000704912,0.013862397,0,0,0,0.0000208,0.000057,0.416232241,0.000495388
17,47,0.001037408,0.0000339,0.074742368,0.601726202,0.000753456,0.016086224,0,0,0,0.0000185,0.0000771,0.305032828,0.000492075
17,48,0.000915362,0.0000334,0,0.700140182,0.00076414,0.018733393,0,0,0,0.0000156,0.0000887,0.278829611,0.000479611
17,49,0.000724739,0.000029,0.075192216,0.508363879,0.000704039,0.021247712,0,0,0,0.0000117,0.0000865,0.393199987,0.00044017
17,50,0.000448005,0.0000196,0.253935561,0.201815422,0.00053915,0.022266463,0,0,0,0.00000661,0.0000647,0.520550379,0.000354124
18,41,0.008339267,0.009766585,0.539842121,0,0.019061932,0.027469029,0.003979883,0,0,0.009732655,0.004434753,0.375800512,0.001131055
18,42,0.007414779,0.008667781,0.405448569,0,0.017088768,0.022169268,0.003525977,0,0,0.008620934,0.003933994,0.521859765,0.000878388
18,43,0.006691114,0.007786562,0.300169219,0,0.015520795,0.018040247,0.003161435,0,0,0.007727999,0.003532242,0.636349685,0.000669432
18,44,0.006114839,0.007061002,0.216788947,0,0.014244309,0.01477483,0.002860767,0,0,0.006991437,0.003201302,0.727153128,0.000491576
18,45,0.005650809,0.006449554,0.15074406,0,0.013183134,0.012171951,0.002606867,0,0,0.006369366,0.002922256,0.799275866,0.000336486
18,46,0.005275074,0.005923023,0.09914464,0,0.0122838,0.010095689,0.002387709,0,0,0.005832349,0.00268181,0.855912121,0.000198484
18,47,0.004970853,0.005459987,0.060228451,0,0.01150708,0.008451977,0.002194475,0,0,0.005358794,0.00247021,0.899040695,0.0000736
18,48,0.004725946,0.005043911,0.033040707,0,0.010822541,0.007174323,0.002020359,0,0,0.004932048,0.002279929,0.929735752,0
18,49,0.004531247,0.004661532,0.017239906,0,0.010205484,0.006214994,0.001859914,0,0,0.004538784,0.002104929,0.948436553,0
18,50,0.004285947,0.004209739,0.012683534,0.021579353,0.009428656,0.005420207,0.001672054,0,0,0.004078755,0.00189867,0.934557302,0
20,41,0,0,0,0,0.00000296,0.378559835,0.00000832,0,0,0,0,0.620130406,0.001298481
20,42,0,0,0,0,0,0.345888326,0.00000853,0,0,0,0,0.652655771,0.00144737
20,43,0,0,0,0,0,0.309702175,0.00000874,0,0,0,0,0.688656857,0.001632226
20,44,0,0,0,0,0,0.272451093,0.00000897,0,0,0,0,0.725670112,0.001869828
20,45,0,0,0,0,0,0.235332495,0.00000916,0,0,0,0,0.762488626,0.00216972
20,46,0,0,0,0,0,0.202210751,0.00000926,0,0,0,0,0.795232741,0.002547243
20,47,0,0,0.080458599,0,0,0.16555312,0.00000846,0,0,0,0,0.751204733,0.002775089
20,48,0,0,0.200137977,0,0,0.14072122,0.00000706,0,0,0,0,0.656261888,0.002871857
20,49,0,0,0.303794288,0,0,0.1359207,0.00000553,0,0,0,0,0.557320129,0.002959354
20,50,0,0,0.383793295,0,0,0.149436546,0.0000039,0,0,0,0,0.463726185,0.003040072
21,41,0.013364858,0.0000719,0.183041425,0.000169978,0,0,0,0,0,0,0.0000105,0.80238285,0.000958498
21,42,0.012295356,0.0000674,0.15287899,0.000162183,0,0,0,0,0,0,0.0000145,0.833584777,0.000996777
21,43,0.011325667,0.0000634,0.118621686,0.000155341,0,0.003223685,0,0,0,0,0.0000184,0.865552569,0.001039324
21,44,0.010346779,0.0000592,0.085173502,0.000147994,0,0.018886549,0,0,0,0,0.0000219,0.884287291,0.001076805
21,45,0.009441563,0.0000553,0.056467604,0.000141294,0,0.038960063,0,0,0,0,0.0000252,0.893791855,0.001117037
21,46,0.00859684,0.0000518,0.032341231,0.000135106,0,0.062876589,0,0,0,0,0.0000284,0.894810301,0.00115974
21,47,0.007801882,0.0000484,0.01262908,0.000129315,0,0.090064736,0,0,0,0,0.0000315,0.888090588,0.001204535
21,48,0.007028982,0.0000451,0,0.00012348,0,0.119588815,0,0,0,0,0.0000343,0.871931845,0.001247545
21,49,0.006243453,0.0000415,0,0.00011692,0,0.149698467,0,0,0,0,0.0000366,0.842582206,0.001280821
21,50,0.005527769,0.0000384,0,0.000111105,0,0.181137715,0,0,0,0,0.0000389,0.811826804,0.001319393
22,41,0,0.0000374,0.006586741,0.00000167,0.0000665,0.003440528,0,0.0000125,0,0.0000136,0.00000166,0.989819766,0.0000198
22,42,0,0.0000445,0.003017279,0.000003,0.0000566,0.001536148,0,0.0000119,0,0.0000163,0.00000163,0.995312604,0
22,43,0,0.0000508,0,0.00000443,0.000048,0.000241723,0,0.000012,0,0.0000186,0.00000144,0.999622957,0
22,44,0,0.0000557,0,0.0000059,0.0000399,0.000207806,0,0.0000127,0,0.0000202,0.00000111,0.999656726,0
22,45,0,0.0000589,0,0.0000073,0.0000323,0.001255821,0,0.0000136,0,0.0000209,0.000000668,0.998610531,0
22,46,0,0.0000611,0,0.0000087,0.0000257,0.001842515,0,0.0000149,0,0.0000212,0.000000162,0.998025749,0
22,47,0,0.000063,0,0.0000101,0.0000204,0.000351845,0,0.0000166,0,0.0000211,0,0.999516863,0
22,48,0,0.0000639,0.01073933,0.0000115,0.0000159,0,0,0.0000185,0,0.0000206,0,0.989130246,0
22,49,0,0.0000649,0.030426704,0.000013,0.0000125,0.011577081,0,0.0000207,0,0.00002,0,0.95784519,0.00002
22,50,0.0000837,0.0000652,0.05327666,0.0000144,0.0000099,0.048720421,0,0.000023,0,0.000019,0,0.897727356,0.0000605
25,41,0.007330839,0.000850588,0.002533673,0.002627523,0.001833115,0.300462879,0.000262797,0.000173623,0,0.000771234,0.000123736,0.68230635,0.000611781
25,42,0.007729402,0.000911463,0.021424459,0.002909485,0.001912709,0.330099694,0.000282786,0.000183233,0,0.000832869,0.000119081,0.632860592,0.000625103
25,43,0.008113673,0.00097112,0.04034963,0.003186631,0.001990249,0.357977317,0.000302347,0.000192633,0,0.000893354,0.000114399,0.585163943,0.000638328
25,44,0.008482496,0.001029334,0.05785981,0.003457999,0.002065402,0.383629565,0.000321413,0.000201785,0,0.000952465,0.000109696,0.54113499,0.000651438
25,45,0.008834771,0.001085887,0.073520992,0.003722645,0.002137849,0.406967584,0.000339915,0.000210649,0,0.001009981,0.000104978,0.501299503,0.000664421
25,46,0.009169432,0.001140563,0.087406557,0.003979641,0.002207279,0.428091155,0.000357788,0.000219192,0,0.00106569,0.000100253,0.465487159,0.000677265
25,47,0.009485418,0.00119315,0.099593197,0.004228064,0.002273381,0.447100893,0.000374965,0.000227376,0,0.001119377,0.0000955,0.433523479,0.00068996
25,48,0.009781667,0.001243434,0.11015712,0.004466991,0.002335848,0.464096828,0.000391383,0.000235164,0,0.001170829,0.0000908,0.405235049,0.000702496
25,49,0.010057116,0.001291203,0.119174042,0.004695502,0.002394371,0.479178406,0.000406975,0.000242522,0,0.001219832,0.0000861,0.380449527,0.000714862
25,50,0.010310706,0.001336244,0.126719189,0.004912681,0.002448641,0.492444484,0.000421675,0.000249413,0,0.001266175,0.0000814,0.358995646,0.000727049
27,41,0.000033,0.0000218,0.06420559,0.0000222,0.0000378,0,0,0.0000551,0,0.000117338,0,0.935299451,0.000207759
27,42,0.0000271,0.0000064,0.131335301,0.0000185,0.000038,0.067209856,0,0.0000369,0,0.0000396,0,0.801073845,0.000214459
27,43,0.0000241,0,0.001502269,0.0000143,0.0000455,0.050872518,0,0.000025,0,0,0,0.947246,0.000270331
27,44,0.0000199,0,0.085428943,0.00000699,0.0000544,0.518011144,0,0.0000106,0,0,0,0.396125691,0.000342332
27,45,0.0000148,0,0.010708037,0,0.0000601,0,0,0,0,0,0,0.988817232,0.00039992
27,46,0.0000119,0,0.020709996,0,0.0000666,0.218272212,0,0,0,0,0,0.760471603,0.000467606
27,47,0.0000129,0,0.019123952,0,0.0000731,0.080327982,0,0,0,0,0,0.899924246,0.000537861
27,48,0.0000197,0,0.01772104,0,0.0000795,0.371006901,0,0,0,0,0,0.610562064,0.000610806
27,49,0.0000322,0,0.015294204,0,0.0000784,0.438341085,0,0,0,0,0,0.545627667,0.000626448
27,50,0.0000538,0.00000276,0.013646454,0,0.0000776,0.294895738,0,0,0,0,0,0.690680236,0.000643426
28,41,0.00063615,0.000109333,0.06634804,0.000109333,0.000277843,0.002893489,0.000109333,0.000218667,0,0.0000984,0.0000933,0.929029024,0.0000771
28,42,0.000600892,0.000108329,0.018231545,0.000108329,0.000234946,0.006126552,0.000108329,0.000216658,0,0.0000947,0.0000452,0.974064164,0.0000603
28,43,0.000532714,0.000100983,0,0.000100983,0.000191272,0.008989874,0.000100983,0.000201967,0,0.0000866,0,0.989651299,0.0000434
28,44,0.000452422,0.0000908,0,0.0000908,0.000155277,0.011186679,0.0000908,0.000181565,0,0.0000768,0,0.987646815,0.0000281
28,45,0.000361995,0.0000778,0,0.0000778,0.000128066,0.012238344,0.0000778,0.000155659,0,0.0000653,0,0.986802598,0.0000145
28,46,0.000267693,0.000063,0,0.000063,0.000112509,0.011709371,0.000063,0.000126001,0,0.0000528,0,0.98753961,0.000003
28,47,0.000175583,0.0000471,0,0.0000471,0.000111556,0.009149138,0.0000471,0.0000943,0,0.0000398,0,0.99028829,0
28,48,0.0000916,0.000031,0,0.000031,0.000128344,0.004075904,0.000031,0.000062,0,0.0000268,0,0.995522197,0
28,49,0.0000218,0.0000154,0.001595131,0.0000154,0.00016541,0,0.0000154,0.0000307,0,0.0000143,0,0.998126463,0
28,50,0,0.00000119,0.017253012,0.00000119,0.000223419,0,0.00000119,0.00000237,0,0.00000309,0,0.982512638,0
32,41,0,0,0.005556361,0,0,0,0,0,0,0,0,0.993952246,0.000469482
32,42,0,0,0.101277998,0,0,0,0,0,0,0,0,0.89822532,0.000476857
32,43,0,0,0.323741862,0,0,0,0,0,0,0,0,0.675751319,0.000489056
32,44,0,0,0.490786037,0,0,0.00014473,0,0,0,0,0,0.508548122,0.000505402
32,45,0,0,0.397909067,0,0,0.002473947,0,0,0,0,0,0.599079253,0.000524107
32,46,0,0,0,0,0,0.000975923,0,0,0,0,0,0.998464595,0.000547874
32,47,0,0,0,0,0,0,0,0,0,0,0,0.99941485,0.000575532
32,48,0,0,0,0,0,0,0,0,0,0,0,0.999386551,0.000605803
32,49,0,0,0,0,0,0,0,0,0,0,0,0.999355339,0.000638958
32,50,0,0,0,0,0,0.000793716,0,0,0,0,0,0.998528296,0.000674197
34,41,0.000206131,0.000110286,0.015197252,0,0.002748476,0.469900568,0,0,0,0.000873353,0,0.510792273,0.000171662
34,42,0.000247253,0.000100952,0.012665846,0,0.002397826,0.519774198,0,0,0,0.000768514,0,0.463880646,0.000164765
34,43,0.000296465,0.0000925,0.009433895,0,0.0020613,0.565618917,0,0,0,0.000666573,0.00000117,0.421669873,0.000159316
34,44,0.000352203,0.0000847,0.006035559,0,0.001734528,0.604927058,0,0,0,0.000566222,0.00000276,0.386142169,0.000154832
34,45,0.000412314,0.0000773,0.003053742,0,0.00141609,0.634751884,0,0,0,0.000467066,0.00000442,0.35966629,0.000150857
34,46,0.00047396,0.0000704,0.001105499,0,0.001107426,0.651950709,0,0,0,0.000369622,0.00000612,0.344769346,0.000146955
34,47,0.000534355,0.0000638,0.000641098,0,0.000813632,0.654377298,0,0,0,0.000275625,0.00000779,0.343143508,0.000142905
34,48,0.000593554,0.000058,0.001435816,0,0.000543117,0.64354634,0,0,0,0.000187992,0.00000942,0.353486598,0.000139217
34,49,0.000653406,0.0000531,0.003103199,0,0.000299561,0.621814842,0,0,0,0.000108145,0.000011,0.373820205,0.000136492
34,50,0.000716051,0.0000494,0.00529907,0,0.0000815,0.591495572,0,0,0,0.0000358,0.0000127,0.402174886,0.000135088
35,41,0.006590293,0.000528789,0.083640174,0.0000638,0.002143355,0.001104235,0.0000285,0.0000434,0,0.000306395,0.0000459,0.905240017,0.000254185
35,42,0.005469586,0.000480815,0.129775846,0.0000543,0.002589829,0.000891318,0.0000213,0.0000381,0,0.000192047,0.0000416,0.860174485,0.000264233
35,43,0.004431207,0.000436621,0.191272652,0.0000456,0.002943274,0.000389376,0.0000147,0.0000331,0,0.0000853,0.0000375,0.800031162,0.000276014
35,44,0.003553156,0.000405943,0.239585081,0.0000386,0.003304333,0,0.0000085,0.0000291,0,0,0.0000345,0.752742504,0.00029741
35,45,0.002698103,0.000377572,0.267906187,0.0000318,0.003629796,0,0.00000221,0.0000251,0,0,0.0000316,0.724974018,0.000323557
35,46,0.001780026,0.000337924,0.269308649,0.0000243,0.003786712,0,0,0.0000203,0,0,0.0000277,0.724371759,0.000342641
35,47,0.000844828,0.000279253,0.238383912,0.0000158,0.00362568,0,0,0.0000145,0,0,0.0000223,0.75647374,0.000340019
35,48,0.0000567,0.000210085,0.185289445,0.00000795,0.003162803,0,0,0.00000852,0,0,0.0000161,0.810935202,0.00031321
35,49,0,0.000162601,0.144184932,0.0000021,0.002863494,0,0,0.00000405,0,0,0.0000117,0.852465148,0.000304834
35,50,0,0.00013271,0.11661542,0,0.002789909,0,0,0.000000212,0,0,0.0000086,0.880124531,0.000325109
36,41,0.011254294,0.000595859,0,0,0.001162744,0.827949716,0,0.0000046,0,0.000190263,0,0.156020631,0.002749337
36,42,0.007155959,0.000543477,0.118806756,0,0.001068714,0.205367713,0,0,0,0.000171132,0,0.664024683,0.002794066
36,43,0.002606785,0.000397341,0.240148065,0,0.000788664,0,0,0,0,0.00012337,0,0.753603168,0.002282289
36,44,0,0.000335364,0.373972009,0,0.000673335,0,0,0,0,0.00010265,0,0.622713044,0.002160307
36,45,0,0.00033031,0.585185751,0,0.000672775,0,0,0,0,0.0000996,0,0.411269896,0.002398183
36,46,0,0.000344533,0.896473192,0,0.000714641,0,0,0,0,0.000102329,0,0.099481447,0.002837651
36,47,0,0.000296927,0.937744542,0,0.000630496,0.0584034,0,0,0,0.0000868,0,0,0.002797286
36,48,0,0.000256419,0.933984818,0,0.000561403,0.062295427,0,0,0,0.0000736,0,0,0.002792601
36,49,0,0.000230438,0.984464922,0,0.000525449,0.011740127,0,0,0,0.0000648,0,0,0.002941499
36,50,0,0.000194645,0.996288971,0,0.000468933,0,0,0,0,0.0000534,0,0,0.002965776
37,41,0.000514936,0.002140039,0.021661952,0,0.002181754,0.005841498,0,0,0,0.000460327,0,0.96716041,0.0000391
37,42,0.000444019,0.001771183,0.018853791,0,0.001834248,0.003804846,0,0,0,0.000396286,0,0.9728348,0.0000608
37,43,0.000379382,0.001437506,0.016434064,0.000344937,0.001518081,0.001735519,0,0,0,0.000337749,0,0.977730987,0.0000818
37,44,0.00031949,0.001132863,0.014316493,0.005054539,0.001227033,0,0,0,0,0.000283362,0,0.977564672,0.000101549
37,45,0.000267918,0.000869177,0.012644829,0.004225729,0.000974471,0,0,0,0,0.000236301,0,0.980660154,0.000121422
37,46,0.000222439,0.000636449,0.011315856,0,0.000750556,0,0,0,0,0.000194576,0,0.98673866,0.000141464
37,47,0.000180299,0.000425608,0.010181327,0,0.0005453,0,0,0,0,0.000155769,0,0.988351363,0.000160335
37,48,0.000142503,0.00023952,0.009272256,0,0.000362218,0,0,0,0,0.000120774,0,0.989684217,0.000178511
37,49,0.000109647,0.0000778,0.008623512,0,0.000201989,0,0,0,0,0.0000901,0,0.990699665,0.000197289
37,50,0.0000803,0,0.008134753,0.006010044,0.0000605,0.002578966,0,0,0,0.0000625,0,0.982857672,0.000215234
39,41,0,0,0.000235433,0.0000463,0.001587849,0,0.0000571,0,0,0,0,0.998054451,0
39,42,0,0,0.004695943,0.000113083,0.000856519,0,0.000111405,0,0,0,0,0.994190643,0
39,43,0,0,0.015364586,0.000173743,0,0.006872745,0.00015789,0,0,0,0,0.977367344,0.00000916
39,44,0,0,0.02875225,0.000220779,0,0.023804855,0.000191413,0,0,0,0,0.946871933,0.0000853
39,45,0,0,0.041776301,0.000249504,0,0.04905148,0.000209188,0.00000254,0,0,0,0.908441366,0.000183007
39,46,0,0,0.051725501,0.000255589,0,0.084315807,0.000208503,0.00000628,0,0,0,0.863096549,0.000300172
39,47,0,0,0.056125916,0.000234629,0,0.131895725,0.000186456,0.00000935,0,0,0,0.811018317,0.000436688
39,48,0,0,0.052424775,0.000180977,0,0.195201619,0.00013907,0.0000111,0,0,0,0.751367556,0.000595249
39,49,0,0,0.037484442,0.0000861,0,0.279601967,0.00006,0.0000107,0,0,0,0.681927659,0.000782321
39,50,0.001542692,0.000967801,0.006703617,0,0,0.392235424,0,0.00000718,0,0.00179564,0,0.595715354,0.001005704
40,41,0.005729466,0.003156499,0.309612066,0.000656768,0.043595182,0.00309586,0.000327081,0.000468665,0,0.008749375,0.000033,0.62255307,0.000952685
40,42,0.004484346,0.002425239,0.01628042,0.000435164,0.016440337,0.004670341,0.000278139,0.000373836,0.000000355,0.006629297,0.0000273,0.946415525,0.000720296
40,43,0.003831427,0.002024504,0,0.000292793,0.004883982,0,0.00025958,0.000325813,0.000000811,0.00543793,0.0000247,0.981643668,0.000593887
40,44,0.003198404,0.001640228,0.340726309,0.000165799,0,0.09404518,0.000238263,0.000277687,0.00000131,0.004306846,0.000022,0.554350939,0.000478513
40,45,0.002697933,0.001329837,0.015726081,0.0000592,0,0.472189021,0.000222829,0.000239347,0.0000019,0.003385796,0.0000199,0.503269776,0.000390577
40,46,0.002162095,0.001009146,0,0,0,0.253687124,0.000200114,0.000196126,0.00000248,0.002457128,0.0000172,0.739584777,0.000304959
40,47,0.001730933,0.000746377,0.015924069,0,0,0.086372298,0.000182113,0.000160596,0.00000315,0.001692558,0.0000151,0.892625469,0.000241401
40,48,0.001344311,0.000511815,0.006408682,0,0,0.438778322,0.000163994,0.000127506,0.00000386,0.001015927,0.0000129,0.551202841,0.00019081
40,49,0.001011877,0.000308142,0.011249969,0,0,0.064679854,0.000147373,0.0000979,0.00000466,0.00042981,0.000011,0.921720693,0.000154233
40,50,0.000673443,0.000120205,0.081152623,0,0,0,0.00012271,0.000066,0.00000519,0,0.00000858,0.917598666,0.000121268
42,41,0,0,0.22826386,0,0,0.147081874,0,0.0000405,0.000118966,0,0.0000221,0.62384146,0.000629394
42,42,0,0,0.199441282,0,0,0.101094218,0,0.0000406,0.000111943,0,0.0000201,0.698540713,0.000745331
42,43,0,0,0.160595393,0,0,0.064249057,0,0.0000396,0.000100705,0,0.0000178,0.774114313,0.000873864
42,44,0,0,0.118375683,0.0000187,0,0.035846638,0,0.0000371,0.0000848,0,0.0000152,0.844594536,0.00101505
42,45,0,0,0.079685249,0.0000585,0,0.015301485,0,0.000033,0.0000637,0,0.0000122,0.903662605,0.001168599
42,46,0,0.0000803,0.05169298,0.000102821,0,0.002080267,0,0.0000271,0.000037,0.00000337,0.00000879,0.944617288,0.00133367
42,47,0,0.000179181,0.041551205,0.000150889,0.000124398,0,0,0.000019,0.00000441,0.0004774,0.00000497,0.955943351,0.001501542
42,48,0,0.000285114,0.05686347,0.000203402,0.000420659,0,0,0.00000907,0,0.001007228,0.00000079,0.939437473,0.001682421
42,49,0.007765486,0.000395336,0.103966151,0.000258634,0.000741092,0.000741799,0,0,0,0.001584286,0,0.882543511,0.001862737
42,50,0.018526654,0.000504787,0.187284801,0.000313839,0.001071696,0.010597983,0,0,0,0.002186395,0,0.777292296,0.002028122
43,41,0,0,0.095730606,0,0,0.014919657,0,0,0,0,0,0.888423962,0.000916761
43,42,0,0,0.325665488,0,0,0.020819713,0,0,0,0,0,0.652534701,0.000980099
43,43,0,0,0.255509352,0,0,0.025575439,0,0,0,0,0,0.717908507,0.001006702
43,44,0.000294171,0.0000612,0.011290328,0.00000306,0.001651747,0.026379766,0,0.00000306,0,0.000270756,0,0.959046224,0.00099056
43,45,0.000610245,0.000205421,0,0.0000103,0.005548096,0.021512269,0,0.0000103,0,0.000975655,0,0.970181068,0.000915892
43,46,0.000877588,0.000319381,0,0.000016,0.008627692,0.013995582,0,0.000016,0,0.001535257,0,0.973745741,0.000818914
43,47,0.001037831,0.000374775,0.045063205,0.0000187,0.010125985,0.005565463,0,0.0000187,0,0.001811747,0,0.935261104,0.000666196
43,48,0.001026458,0.000339419,0.033122718,0.000017,0.009172482,0,0,0.000017,0,0.001647672,0,0.954164322,0.000442075
43,49,0.000783162,0.00018276,0,0.00000914,0.004940716,0,0,0.00000914,0,0.000893277,0,0.993015934,0.000138461
43,50,0.000253992,0,0,0,0,0,0,0,0,0,0,0.99973192,0
44,41,0.006287764,0,0.187761073,0,0,0,0.000201572,0,0,0,0.00000592,0.805048564,0.000674199
44,42,0.002716809,0,0.059648351,0,0,0,0.000217458,0,0,0,0.00000433,0.936690478,0.000704392
44,43,0.001521698,0,0,0,0,0,0.000231653,0,0,0,0.00000274,0.99749589,0.00073267
44,44,0.001967566,0,0,0,0,0,0.000245552,0,0,0,0.00000118,0.99700973,0.000763404
44,45,0.003619517,0,0,0,0,0,0.00025811,0,0,0,0,0.995316277,0.000793148
44,46,0.006045835,0,0,0,0,0,0.000269123,0.0000106,0,0.000504718,0,0.992328277,0.000821151
44,47,0.008818835,0.000232331,0,0,0,0,0.000278609,0.0000263,0,0.001021034,0,0.988730548,0.000847326
44,48,0.011488428,0.000514793,0,0,0,0.002840054,0.000285796,0.0000416,0,0.001527107,0,0.982363016,0.000869158
44,49,0.013686915,0.000795155,0.037352099,0,0,0.018039231,0.000291889,0.0000566,0,0.002019344,0,0.926773205,0.000890141
44,50,0.014980566,0.001064382,0.092715663,0,0.000447181,0.037786291,0.000295401,0.0000706,0,0.002479958,0,0.849132912,0.000905554
47,41,0.006192351,0.000570778,0,0.000135612,0.000266132,0,0.0000661,0,0,0.000247803,0.0000686,0.991355659,0.00108154
47,42,0.002025515,0.000547561,0,0.000132736,0.000196059,0,0.0000634,0,0,0.00022756,0.000067,0.995648559,0.001076275
47,43,0,0.000523459,0,0.000129554,0.000129368,0,0.0000606,0,0,0.00020735,0.0000653,0.997801291,0.001067969
47,44,0,0.000498693,0,0.000126105,0.0000665,0,0.0000577,0,0,0.000187325,0.0000634,0.9979286,0.001056822
47,45,0,0.000474371,0,0.000122657,0.00000767,0,0.0000549,0,0,0.000167938,0.0000615,0.99805134,0.001045032
47,46,0.002170622,0.000455221,0,0.000120465,0,0,0.0000526,0,0,0.000150749,0.0000602,0.995932168,0.001043458
47,47,0.007730621,0.000436705,0,0.00011839,0,0,0.0000503,0,0,0.000134013,0.0000589,0.990413888,0.001042636
47,48,0.016046924,0.000416026,0,0.000115667,0,0,0.0000478,0,0,0.000116901,0.0000574,0.982149217,0.001035785
47,49,0.027104675,0.000390861,0.004559262,0.000111584,0,0,0.0000448,0,0,0.000099,0.0000551,0.966604653,0.001016146
47,50,0.040352922,0.000361424,0.014243595,0.000106091,0,0,0.0000412,0,0,0.0000808,0.0000521,0.943765783,0.000982641
48,41,0.013345746,0.00088691,0.31677828,0.000437497,0.000225306,0.001469402,0.0012484,0.0000277,0,0.000525839,0.0000168,0.664497787,0.000521918
48,42,0.012761577,0.000819086,0.244430338,0.0003933,0.000171386,0.002153842,0.000807538,0.0000262,0,0.000521427,0.0000196,0.737352494,0.000523058
48,43,0.01216143,0.000759547,0.320700601,0.000351866,0.00012842,0.003655782,0.000434505,0.0000248,0,0.000521483,0.0000223,0.660690119,0.000527047
48,44,0.011078245,0.000690584,0.345481289,0.000305124,0.0000939,0.005814424,0.000116584,0.0000229,0.00000131,0.000513023,0.0000244,0.635313439,0.000521111
48,45,0.009933645,0.000633655,0.177590104,0.000263026,0.0000718,0.008262527,0,0.0000212,0.00000393,0.000510289,0.0000265,0.802137888,0.00052003
48,46,0.00881546,0.000589409,0.075636379,0.000225243,0.0000621,0.010618831,0,0.0000197,0.00000644,0.000514664,0.0000288,0.902929846,0.000525649
48,47,0.007558305,0.000541548,0.159377043,0.000185262,0.0000637,0.012122214,0,0.0000178,0.00000866,0.000511851,0.0000304,0.819029447,0.000523759
48,48,0.006302019,0.00049218,0.310049785,0.000144758,0.0000771,0.012199381,0,0.0000156,0.0000105,0.000501496,0.0000313,0.669629176,0.000514351
48,49,0.005187425,0.000443681,0.400076326,0.000105439,0.000102229,0.010382246,0,0.0000132,0.0000117,0.000484014,0.0000313,0.582629758,0.000498186
48,50,0.004359127,0.000401875,0.390580098,0.0000694,0.000139439,0.006274369,0,0.0000108,0.0000125,0.000464554,0.000031,0.597139583,0.000480879
50,41,0.003530603,0,0.067568431,0.048378813,0.000024,0.285340998,0,0,0,0.0000134,0,0.5933534,0.001790391
50,42,0.003705775,0,0.073948356,0.101088613,0.0000253,0.284745636,0,0,0,0.0000141,0,0.534762731,0.001709477
50,43,0.003882091,0,0.088931421,0.161394474,0.0000267,0.289831917,0,0,0,0.0000147,0,0.454283891,0.00163475
50,44,0.004064303,0,0.109220474,0.222669986,0.0000281,0.292062037,0,0,0,0.0000154,0,0.370371472,0.00156818
50,45,0.004258009,0,0.131695973,0.27864962,0.0000296,0.282971519,0,0,0,0.0000161,0,0.300867653,0.001511488
50,46,0.004469884,0,0.153379509,0.323243354,0.0000312,0.253872803,0,0,0,0.0000169,0,0.263520058,0.001466291
50,47,0.00470724,0,0.171513577,0.350697555,0.000033,0.19648082,0,0,0,0.0000177,0,0.275116079,0.001434019
50,48,0.004969009,0,0.185194561,0.360003154,0.0000349,0.11391369,0,0,0,0.0000186,0,0.334452564,0.001413472
50,49,0.005246775,0,0.194515417,0.352900695,0.000037,0.017210539,0,0,0,0.0000196,0,0.428668062,0.001401987
50,50,0.005114342,0,0.184469899,0.306246499,0.0000361,0,0,0,0,0.000019,0,0.502822024,0.001292191
51,41,0.002412513,0,0.768335012,0,0.000112762,0.062691614,0.0000574,0,0,0.000107268,0,0.164889154,0.001394253
51,42,0.002100404,0,0.583696201,0,0.0000768,0.039178018,0.0000532,0,0,0.0000954,0,0.373522697,0.001277246
51,43,0.001868469,0,0.342577782,0,0.0000452,0.017112681,0.0000502,0,0,0.0000871,0,0.637056395,0.001202121
51,44,0.001618644,0,0.095591213,0,0.0000135,0,0.0000463,0,0,0.000078,0,0.9015377,0.00111459
51,45,0.001281224,0,0,0,0,0,0.0000393,0,0,0.0000646,0,0.99764976,0.000965073
51,46,0.000930677,0,0,0,0,0,0.0000312,0,0,0.0000503,0,0.998188229,0.000799678
51,47,0.000596172,0,0,0.002273566,0,0,0.0000228,0,0,0.0000362,0,0.996432474,0.000638817
51,48,0.000283147,0,0,0.008300269,0,0.029779922,0.0000142,0,0,0.0000225,0,0.961118319,0.000481614
51,49,0.0000161,0,0.02232423,0.010707403,0,0.1084439,0.00000655,0,0,0.0000105,0,0.858136916,0.000354338
51,50,0,0,0.020991922,0.010162603,0,0.204676998,0,0,0,6.82E-08,0,0.763911316,0.000257092
52,41,0.016842284,0.0000624,0.152064172,0.000503782,0.000336865,0.004162973,0.0000469,0.00014265,0,0.000457632,0,0.825325281,0.0000551
52,42,0.027031186,0.0000594,0.122112318,0.000503976,0.000320857,0.004580252,0.0000477,0.000134014,0,0.000431189,0,0.844723275,0.0000558
52,43,0.03875941,0.0000565,0.087335276,0.000501564,0.00030504,0.003823136,0.0000484,0.000125531,0,0.000405186,0,0.868582766,0.0000571
52,44,0.051490852,0.0000537,0.055861382,0.000496801,0.000289499,0.001362719,0.0000491,0.000117238,0,0.000379742,0,0.889839908,0.0000591
52,45,0.064449643,0.0000508,0.033281532,0.00048853,0.000273514,0,0.0000495,0.000108849,0,0.00035393,0,0.900882209,0.0000615
52,46,0.076859966,0.0000478,0.02001807,0.000477399,0.000257442,0,0.0000498,0.000100523,0,0.000328251,0,0.901796338,0.0000644
52,47,0.088142365,0.000045,0.015616491,0.000464857,0.000242004,0,0.0000501,0.0000925,0,0.000303637,0,0.894975194,0.0000678
52,48,0.0977154,0.0000423,0.019530169,0.000451596,0.000227442,0,0.0000503,0.000085,0,0.000280376,0,0.881545352,0.000072
52,49,0.105042331,0.0000399,0.031294568,0.000438234,0.000213932,0,0.0000507,0.000078,0,0.000258649,0,0.86250688,0.0000769
52,50,0.109595637,0.0000376,0.050612974,0.000425313,0.000201597,0,0.0000512,0.0000714,0,0.000238553,0,0.838683015,0.0000827
53,41,0.041393576,0.00038533,0.214574829,0.00025643,0.000847334,0.001596316,0.000157936,0.0000155,0.0000293,0.000473511,0.00000335,0.740215795,0.0000509
53,42,0.032670476,0.000324001,0.164959081,0.000244682,0.000784713,0.007081953,0.000125604,0.0000158,0.0000277,0.000476025,0.00000327,0.793239252,0.0000474
53,43,0.01637449,0.000265573,0.081577663,0.000230888,0.000722244,0.007541064,0.0000951,0.000016,0.0000262,0.000475409,0.0000032,0.892626301,0.0000459
53,44,0.005611111,0.00021428,0.052283225,0.000218962,0.000672126,0.005002361,0.0000678,0.0000164,0.000025,0.000479981,0.00000319,0.935358502,0.000047
53,45,0.008172548,0.000169289,0.11749447,0.000209904,0.000637012,0.001434048,0.000043,0.0000171,0.0000244,0.000493553,0.00000326,0.871250227,0.0000512
53,46,0.014071714,0.000123921,0.143747345,0.000196688,0.000595719,0,0.0000186,0.0000175,0.0000236,0.000500913,0.00000331,0.84064383,0.0000569
53,47,0.012299024,0.0000777,0.029075108,0.000175153,0.000535912,0,0,0.0000173,0.0000219,0.000489292,0.00000326,0.957242989,0.0000624
53,48,0.017498466,0.000037,0.169137684,0.000155217,0.000487548,0.001453141,0,0.0000172,0.0000207,0.000483687,0.00000326,0.810635794,0.0000703
53,49,0.03492203,4.15E-08,0.652928607,0.000139261,0.000459103,0.005365267,0,0.0000178,0.0000202,0.000495396,0.0000034,0.305566157,0.0000827
53,50,0.045100998,0,0.944311262,0.000118851,0.000424576,0.00940827,0,0.0000181,0.0000195,0.00049891,0.00000351,0,0.0000961
54,41,0.000802597,0.000172228,0.031008679,0.002093853,0.000128179,0.002550878,0.0000364,0,0.00000971,0.000120159,0.00000948,0.962758463,0.000297482
54,42,0.000508382,0.0000845,0.068221981,0.002125069,0.0000622,0.003412233,0.0000211,0,0.00000966,0.0000583,0.00000838,0.925167018,0.000309987
54,43,0.000257917,0.0000095,0.049326505,0.002179384,0.00000609,0.004002747,0.0000081,0,0.00000972,0.00000529,0.00000732,0.943849772,0.00032701
54,44,0.0000377,0,0.027511954,0.002231194,0,0.004224132,0,0,0.00000975,0,0.00000617,0.965624131,0.000344914
54,45,0,0,0.043369224,0.002245786,0,0.003940692,0,0,0.00000961,0,0.00000487,0.950062259,0.00035817
54,46,0,0,0.075430484,0.002282063,0,0.003188552,0,0,0.00000955,0,0.00000357,0.918701031,0.00037595
54,47,0,0,0.096251074,0.00235175,0,0.001865716,0,0,0.00000962,0,0.00000226,0.89911062,0.000400645
54,48,0,0,0.068670989,0.00234994,0,0,0,0,0.00000938,0,0.000000832,0.928546862,0.000414418
54,49,0,0,0.010034602,0.002295654,0,0,0,0,0.00000893,0,0,0.987234621,0.000419488
54,50,0,0,0,0.002312796,0,0,0,0,0.00000876,0,0,0.997234083,0.000438312
56,41,0,0.000628631,0.457460789,0.004023026,0.000442319,0.007729928,0.000411741,0,0,0.000349239,0.000245516,0.528440897,0.000267916
56,42,0,0.000583837,0.34486902,0.003729722,0.000403048,0.005315626,0.000384013,0.0000257,0,0.000324354,0.001515067,0.642572653,0.000277007
56,43,0,0.000535368,0.26136811,0.003415849,0.000361956,0,0.000353731,0.0000643,0,0.000297426,0.002567385,0.730751014,0.000284897
56,44,0,0.000482466,0.202868677,0.003076653,0.00031876,0,0.000320348,0.0000984,0,0.000268037,0.003338372,0.788938122,0.000290187
56,45,0,0.000431115,0.166795211,0.002750204,0.000277611,0,0.000287795,0.000128153,0.00000168,0.000239508,0.003821366,0.824971922,0.000295433
56,46,0,0.000383225,0.147704936,0.002448502,0.000239727,0,0.000257347,0.000154198,0.00000463,0.000212903,0.004017547,0.844275226,0.00030176
56,47,0.000174775,0.000339808,0.13998804,0.002177872,0.000205637,0,0.000229707,0.000177489,0.0000074,0.000188782,0.003931364,0.852268832,0.00031029
56,48,0.000452157,0.000301352,0.138338225,0.001941468,0.000175459,0,0.000205243,0.000199321,0.0000101,0.000167418,0.003561122,0.854325774,0.000322368
56,49,0.000732238,0.00026336,0.135346283,0.001710356,0.000146444,0.017113825,0.000180921,0.000217495,0.0000126,0.000146311,0.002837246,0.840959038,0.000333882
56,50,0.001013581,0.000226902,0.126465079,0.001491228,0.000119245,0.051825953,0.000157462,0.000232531,0.0000149,0.000126057,0.001756624,0.81622483,0.00034557
